"Date","Price","Open","High","Low","Vol.","Change %"
"Jan 01, 2019","368.30","370.00","376.00","363.00","94.88K","0.27%"
"Dec 27, 2018","367.30","361.00","382.00","360.30","285.13K","1.75%"
"Dec 26, 2018","361.00","360.50","361.50","360.30","105.65K","0.17%"
"Dec 24, 2018","360.40","360.00","361.90","359.70","162.75K","0.22%"
"Dec 23, 2018","359.60","356.10","360.00","356.00","52.66K","0.78%"
"Dec 20, 2018","356.80","356.00","359.70","356.00","47.32K","0.08%"
"Dec 19, 2018","356.50","360.50","360.50","356.10","60.44K","-0.86%"
"Dec 18, 2018","359.60","360.50","360.50","358.00","127.74K","0.20%"
"Dec 17, 2018","358.90","356.30","359.80","356.30","146.07K","0.73%"
"Dec 13, 2018","356.30","354.90","357.80","353.80","42.18K","0.39%"
"Dec 12, 2018","354.90","355.50","357.00","354.60","77.28K","-0.17%"
"Dec 11, 2018","355.50","359.70","360.50","354.70","211.47K","-1.17%"
"Dec 10, 2018","359.70","362.10","362.10","359.00","104.41K","-0.64%"
"Dec 09, 2018","362.00","363.60","363.60","361.30","48.59K","-0.25%"
"Dec 06, 2018","362.90","362.00","363.70","360.10","106.66K","0.58%"
"Dec 05, 2018","360.80","362.40","363.50","360.00","171.18K","-0.44%"
"Dec 04, 2018","362.40","360.10","364.90","360.00","89.40K","0.50%"
"Dec 03, 2018","360.60","360.20","363.00","360.00","40.03K","0.06%"
"Dec 02, 2018","360.40","363.40","363.90","359.50","60.28K","-0.63%"
"Nov 29, 2018","362.70","366.70","366.70","361.30","124.90K","-1.28%"
"Nov 28, 2018","367.40","366.20","369.20","365.00","102.19K","0.38%"
"Nov 27, 2018","366.00","362.80","367.40","361.00","95.71K","1.22%"
"Nov 26, 2018","361.60","361.10","364.30","360.00","123.24K","0.00%"
"Nov 25, 2018","361.60","364.50","364.50","360.00","130.64K","-0.69%"
"Nov 22, 2018","364.10","358.20","365.00","355.60","141.50K","2.05%"
"Nov 20, 2018","356.80","359.90","359.90","352.30","369.14K","-0.86%"
"Nov 19, 2018","359.90","365.10","365.10","357.50","334.27K","-1.42%"
"Nov 18, 2018","365.10","368.80","369.90","364.70","139.11K","-0.65%"
"Nov 15, 2018","367.50","368.00","369.50","367.00","62.71K","0.00%"
"Nov 14, 2018","367.50","376.50","376.50","366.10","161.38K","-2.36%"
"Nov 13, 2018","376.40","377.50","378.00","375.20","51.70K","0.27%"
"Nov 12, 2018","375.40","379.00","380.00","375.00","134.76K","-1.11%"
"Nov 11, 2018","379.60","376.70","380.50","375.70","64.70K","0.80%"
"Nov 08, 2018","376.60","376.50","378.20","375.00","55.49K","0.03%"
"Nov 07, 2018","376.50","375.00","390.00","373.50","117.74K","0.43%"
"Nov 06, 2018","374.90","376.00","376.00","374.10","89.34K","-0.50%"
"Nov 05, 2018","376.80","380.00","380.00","375.50","83.14K","-0.37%"
"Nov 04, 2018","378.20","382.00","382.00","378.00","68.70K","-0.50%"
"Nov 01, 2018","380.10","379.10","381.00","379.00","79.61K","0.08%"
"Oct 31, 2018","379.80","380.50","381.90","379.00","156.97K","-0.11%"
"Oct 30, 2018","380.20","383.00","385.50","379.00","166.42K","-0.50%"
"Oct 29, 2018","382.10","384.00","384.00","380.10","229.10K","-0.05%"
"Oct 28, 2018","382.30","383.00","387.00","379.20","198.44K","-0.18%"
"Oct 25, 2018","383.00","381.00","384.80","375.00","266.69K","1.06%"
"Oct 24, 2018","379.00","372.00","380.00","372.00","294.14K","2.38%"
"Oct 23, 2018","370.20","365.00","372.90","365.00","264.35K","1.96%"
"Oct 22, 2018","363.10","363.80","366.80","361.00","76.71K","-0.19%"
"Oct 21, 2018","363.80","363.20","366.00","362.50","56.73K","0.17%"
"Oct 18, 2018","363.20","364.00","364.10","362.20","58.85K","-0.11%"
"Oct 17, 2018","363.60","362.60","364.30","362.50","109.55K","0.33%"
"Oct 16, 2018","362.40","362.60","364.30","361.80","78.56K","-0.06%"
"Oct 15, 2018","362.60","364.00","366.10","362.00","148.00K","-0.19%"
"Oct 14, 2018","363.30","365.50","365.50","362.20","78.25K","-0.25%"
"Oct 11, 2018","364.20","362.30","366.00","361.10","236.48K","0.52%"
"Oct 10, 2018","362.30","363.00","366.70","361.00","164.03K","-0.11%"
"Oct 09, 2018","362.70","359.60","368.90","359.60","136.23K","0.86%"
"Oct 08, 2018","359.60","364.80","365.00","357.80","434.65K","-0.58%"
"Oct 07, 2018","361.70","365.10","368.90","360.00","178.08K","-0.99%"
"Oct 04, 2018","365.30","374.90","374.90","364.00","220.04K","-1.51%"
"Oct 03, 2018","370.90","368.60","372.00","368.60","160.44K","0.00%"
"Oct 02, 2018","370.90","372.00","373.00","370.50","164.85K","-0.27%"
"Oct 01, 2018","371.90","372.40","379.80","371.00","258.84K","0.40%"
"Sep 30, 2018","370.40","367.10","372.00","365.00","141.13K","0.90%"
"Sep 27, 2018","367.10","366.20","368.80","366.20","77.41K","-0.35%"
"Sep 26, 2018","368.40","367.00","369.30","365.50","151.01K","0.99%"
"Sep 25, 2018","364.80","363.10","365.40","359.10","105.90K","0.50%"
"Sep 24, 2018","363.00","368.00","368.00","360.40","171.82K","-0.06%"
"Sep 23, 2018","363.20","358.20","371.90","356.00","242.38K","1.65%"
"Sep 20, 2018","357.30","361.50","363.00","353.10","439.47K","-1.08%"
"Sep 19, 2018","361.20","364.60","365.90","360.00","211.30K","-0.71%"
"Sep 18, 2018","363.80","368.10","372.60","362.90","143.88K","-1.14%"
"Sep 17, 2018","368.00","369.00","370.00","366.70","86.85K","0.00%"
"Sep 16, 2018","368.00","373.00","373.00","366.50","92.97K","-0.70%"
"Sep 13, 2018","370.60","378.00","378.00","369.80","149.43K","-1.62%"
"Sep 12, 2018","376.70","380.20","382.00","374.00","161.25K","-1.08%"
"Sep 11, 2018","380.80","380.00","382.00","380.00","105.10K","0.50%"
"Sep 10, 2018","378.90","380.00","382.10","378.50","190.53K","-0.32%"
"Sep 09, 2018","380.10","384.00","385.00","378.10","160.90K","-1.04%"
"Sep 06, 2018","384.10","388.50","389.70","380.40","183.65K","-1.11%"
"Sep 05, 2018","388.40","389.00","390.00","385.80","151.73K","0.15%"
"Sep 04, 2018","387.80","385.60","390.80","385.50","118.84K","0.23%"
"Sep 03, 2018","386.90","387.00","388.00","385.50","138.82K","0.08%"
"Aug 30, 2018","386.60","385.20","388.50","385.20","140.25K","-0.21%"
"Aug 29, 2018","387.40","391.50","392.90","385.60","164.35K","-0.64%"
"Aug 28, 2018","389.90","383.50","391.20","383.50","180.03K","1.80%"
"Aug 27, 2018","383.00","377.70","384.90","377.70","136.06K","1.40%"
"Aug 26, 2018","377.70","375.00","378.90","375.00","62.58K","0.61%"
"Aug 20, 2018","375.40","374.00","376.80","370.00","78.54K","0.43%"
"Aug 19, 2018","373.80","375.00","379.00","373.60","81.25K","-0.32%"
"Aug 16, 2018","375.00","369.50","377.20","368.00","162.47K","2.29%"
"Aug 14, 2018","366.60","359.60","368.20","359.30","168.89K","2.35%"
"Aug 13, 2018","358.20","353.90","360.30","352.50","136.25K","1.22%"
"Aug 12, 2018","353.90","364.00","366.00","350.60","397.62K","-2.72%"
"Aug 09, 2018","363.80","374.20","374.20","359.20","409.95K","-2.75%"
"Aug 08, 2018","374.10","381.50","382.10","373.40","295.31K","-1.84%"
"Aug 07, 2018","381.10","376.00","383.00","375.20","133.10K","1.19%"
"Aug 06, 2018","376.60","380.10","380.10","373.00","190.32K","-3.29%"
"Aug 05, 2018","389.40","389.40","389.40","389.40","-","0.00%"
"Aug 02, 2018","389.40","390.00","393.00","387.20","161.39K","-0.76%"
"Aug 01, 2018","392.40","392.90","393.90","390.10","145.32K","0.56%"
"Jul 31, 2018","390.20","388.10","392.70","388.00","128.99K","0.33%"
"Jul 30, 2018","388.90","390.20","393.90","387.10","92.83K","-0.13%"
"Jul 29, 2018","389.40","386.20","390.50","386.20","63.34K","0.78%"
"Jul 26, 2018","386.40","391.00","392.00","385.40","180.97K","-1.02%"
"Jul 25, 2018","390.40","396.90","397.00","390.00","153.26K","-0.89%"
"Jul 24, 2018","393.90","395.40","397.00","393.00","153.59K","-0.35%"
"Jul 23, 2018","395.30","396.90","398.40","392.00","219.97K","-0.33%"
"Jul 22, 2018","396.60","404.00","405.70","395.00","277.69K","-1.29%"
"Jul 19, 2018","401.80","401.50","405.00","400.10","282.49K","0.15%"
"Jul 18, 2018","401.20","401.90","402.50","396.60","305.02K","0.88%"
"Jul 17, 2018","397.70","392.00","401.00","387.90","483.01K","2.50%"
"Jul 16, 2018","388.00","390.00","402.00","386.30","755.49K","1.28%"
"Jul 15, 2018","383.10","390.00","390.00","380.50","132.90K","-1.39%"
"Jul 12, 2018","388.50","385.00","390.00","383.50","282.24K","2.05%"
"Jul 11, 2018","380.70","380.00","385.00","379.90","109.87K","0.32%"
"Jul 10, 2018","379.50","390.60","390.90","379.00","228.24K","-2.17%"
"Jul 09, 2018","387.90","389.00","395.00","386.30","117.57K","0.03%"
"Jul 08, 2018","387.80","387.00","395.10","384.10","121.30K","1.02%"
"Jul 05, 2018","383.90","378.00","390.00","378.00","135.59K","2.26%"
"Jul 04, 2018","375.40","378.00","381.90","374.30","146.82K","-0.35%"
"Jul 03, 2018","376.70","381.00","387.00","375.00","247.53K","-1.13%"
"Jul 02, 2018","381.00","390.10","390.10","380.00","202.22K","-2.03%"
"Jun 28, 2018","388.90","398.00","398.00","384.60","398.54K","-1.44%"
"Jun 27, 2018","394.60","400.00","401.90","393.70","342.97K","-0.80%"
"Jun 26, 2018","397.80","404.00","404.90","395.20","503.58K","-1.44%"
"Jun 25, 2018","403.60","408.90","411.00","402.00","526.73K","-1.22%"
"Jun 24, 2018","408.60","405.00","415.00","403.50","522.54K","1.29%"
"Jun 21, 2018","403.40","385.00","405.00","385.00","1.24M","5.27%"
"Jun 20, 2018","383.20","381.80","385.90","379.90","373.89K","1.03%"
"Jun 19, 2018","379.30","382.60","384.00","378.80","468.34K","0.13%"
"Jun 18, 2018","378.80","374.60","382.00","374.60","756.91K","1.12%"
"Jun 12, 2018","374.60","381.00","381.40","373.30","389.43K","-0.64%"
"Jun 11, 2018","377.00","394.10","395.00","376.00","435.58K","-3.56%"
"Jun 10, 2018","390.90","395.00","398.50","388.00","141.66K","-1.11%"
"Jun 07, 2018","395.30","406.90","407.90","392.20","255.92K","-2.40%"
"Jun 06, 2018","405.00","407.00","408.50","403.50","252.54K","-0.20%"
"Jun 05, 2018","405.80","409.00","410.00","405.00","291.73K","-0.44%"
"Jun 04, 2018","407.60","405.00","412.80","401.00","227.56K","1.29%"
"Jun 03, 2018","402.40","415.20","415.20","400.10","220.52K","-2.99%"
"May 31, 2018","414.80","427.90","427.90","412.70","249.25K","-2.70%"
"May 30, 2018","426.30","428.40","428.80","424.00","155.97K","-0.40%"
"May 29, 2018","428.00","432.00","433.00","426.50","255.33K","-0.90%"
"May 28, 2018","431.90","433.00","439.80","431.50","282.48K","-0.25%"
"May 27, 2018","433.00","429.40","440.00","429.40","104.66K","0.84%"
"May 24, 2018","429.40","429.90","430.50","426.50","106.80K","-0.07%"
"May 23, 2018","429.70","425.40","433.00","420.50","233.53K","1.01%"
"May 22, 2018","425.40","434.00","436.00","425.00","266.23K","-1.44%"
"May 21, 2018","431.60","433.00","444.50","428.00","484.59K","-0.69%"
"May 20, 2018","434.60","445.00","447.00","433.00","141.28K","-2.18%"
"May 17, 2018","444.30","453.00","455.40","443.00","225.07K","-1.83%"
"May 16, 2018","452.60","463.10","463.10","451.10","254.56K","-2.29%"
"May 15, 2018","463.20","466.00","468.90","462.50","64.88K","-0.60%"
"May 14, 2018","466.00","465.60","468.40","465.10","115.14K","0.11%"
"May 13, 2018","465.50","466.00","467.90","463.00","88.84K","0.32%"
"May 10, 2018","464.00","459.40","465.90","457.60","91.93K","1.00%"
"May 09, 2018","459.40","459.00","461.50","457.00","148.36K","0.46%"
"May 08, 2018","457.30","463.10","463.10","452.90","376.43K","-1.19%"
"May 07, 2018","462.80","464.10","465.70","461.80","276.33K","-0.17%"
"May 06, 2018","463.60","468.00","468.00","463.10","132.24K","-0.11%"
"May 03, 2018","464.10","470.00","470.00","462.20","196.52K","-1.17%"
"Apr 30, 2018","469.60","474.10","475.80","469.20","228.34K","-0.78%"
"Apr 26, 2018","473.30","476.90","477.90","472.80","420.03K","0.06%"
"Apr 25, 2018","473.00","474.90","477.70","469.40","666.37K","-0.27%"
"Apr 24, 2018","474.30","485.00","485.00","473.10","557.15K","-1.76%"
"Apr 23, 2018","482.80","484.10","484.50","481.10","284.89K","-0.27%"
"Apr 22, 2018","484.10","490.00","491.00","483.00","405.52K","-2.42%"
"Apr 19, 2018","496.10","493.00","498.00","492.00","166.41K","1.16%"
"Apr 18, 2018","490.40","487.50","496.00","485.70","173.93K","0.68%"
"Apr 17, 2018","487.10","485.00","487.40","484.00","70.71K","0.68%"
"Apr 16, 2018","483.80","484.20","486.90","481.00","84.53K","-0.17%"
"Apr 15, 2018","484.60","484.80","486.50","482.20","71.34K","-0.29%"
"Apr 12, 2018","486.00","484.10","490.00","484.00","164.85K","-0.02%"
"Apr 11, 2018","486.10","483.20","487.70","480.40","184.18K","1.21%"
"Apr 10, 2018","480.30","475.00","485.00","474.00","293.51K","1.22%"
"Apr 09, 2018","474.50","477.00","477.00","473.00","116.58K","-0.02%"
"Apr 08, 2018","474.60","479.90","479.90","472.80","106.29K","-0.52%"
"Apr 05, 2018","477.10","477.00","478.00","476.80","118.03K","0.13%"
"Apr 04, 2018","476.50","478.00","480.00","475.50","82.73K","0.11%"
"Apr 03, 2018","476.00","477.00","483.90","475.00","99.32K","-0.56%"
"Apr 02, 2018","478.70","474.90","482.00","473.00","207.05K","1.48%"
"Apr 01, 2018","471.70","464.90","474.90","464.90","114.40K","2.10%"
"Mar 29, 2018","462.00","462.20","464.70","460.50","144.37K","0.09%"
"Mar 28, 2018","461.60","467.20","467.90","460.30","152.09K","-1.20%"
"Mar 27, 2018","467.20","468.10","470.00","465.90","706.15K","-0.19%"
"Mar 25, 2018","468.10","474.90","474.90","467.70","104.84K","-0.85%"
"Mar 22, 2018","472.10","477.00","477.50","470.10","102.31K","-1.03%"
"Mar 21, 2018","477.00","479.00","481.00","476.00","217.90K","-0.87%"
"Mar 20, 2018","481.20","481.20","485.40","478.60","75.97K","0.00%"
"Mar 19, 2018","481.20","483.10","485.40","478.60","75.97K","-0.68%"
"Mar 18, 2018","484.50","482.10","484.80","480.00","97.47K","0.50%"
"Mar 15, 2018","482.10","482.00","482.50","478.30","87.53K","0.65%"
"Mar 14, 2018","479.00","481.00","481.00","476.70","149.10K","0.31%"
"Mar 13, 2018","477.50","482.30","482.30","476.00","155.85K","-0.97%"
"Mar 12, 2018","482.20","485.00","486.50","480.30","141.05K","-0.58%"
"Mar 11, 2018","485.00","488.00","489.50","483.00","68.78K","-0.86%"
"Mar 08, 2018","489.20","489.00","491.50","487.20","147.12K","0.06%"
"Mar 07, 2018","488.90","487.90","492.00","487.00","192.05K","0.31%"
"Mar 06, 2018","487.40","481.80","487.90","480.20","177.50K","1.18%"
"Mar 05, 2018","481.70","485.40","485.50","481.20","67.43K","-0.60%"
"Mar 04, 2018","484.60","485.50","488.60","483.50","100.27K","0.31%"
"Mar 01, 2018","483.10","478.90","484.00","477.30","96.40K","0.92%"
"Feb 28, 2018","478.70","478.00","481.50","475.80","143.73K","0.84%"
"Feb 27, 2018","474.70","472.40","480.00","470.90","263.33K","0.51%"
"Feb 26, 2018","472.30","475.50","477.60","466.30","140.73K","-1.30%"
"Feb 25, 2018","478.50","484.90","484.90","472.00","123.12K","-0.73%"
"Feb 22, 2018","482.00","494.90","495.00","481.00","191.79K","-2.19%"
"Feb 20, 2018","492.80","504.00","504.00","491.00","413.47K","-2.74%"
"Feb 18, 2018","506.70","507.80","508.80","506.00","197.64K","0.32%"
"Feb 15, 2018","505.10","507.00","507.00","504.60","302.21K","-0.20%"
"Feb 14, 2018","506.10","508.80","511.90","505.50","209.64K","-0.32%"
"Feb 13, 2018","507.70","507.90","508.50","503.90","209.14K","0.42%"
"Feb 12, 2018","505.60","509.70","511.10","504.50","455.35K","-0.61%"
"Feb 11, 2018","508.70","501.00","509.40","500.50","166.45K","1.60%"
"Feb 08, 2018","500.70","499.00","503.00","496.30","295.61K","0.72%"
"Feb 07, 2018","497.10","496.00","499.90","493.00","149.18K","0.30%"
"Feb 06, 2018","495.60","495.00","500.00","495.00","144.97K","-0.08%"
"Feb 05, 2018","496.00","496.00","499.90","487.00","319.17K","-0.06%"
"Feb 04, 2018","496.30","500.90","500.90","495.10","120.25K","-0.74%"
"Feb 01, 2018","500.00","504.00","504.00","499.00","385.72K","-0.48%"
"Jan 31, 2018","502.40","506.90","508.00","495.00","416.22K","-0.51%"
"Jan 30, 2018","505.00","511.00","511.00","504.10","578.66K","-1.04%"
"Jan 29, 2018","510.30","505.30","513.10","502.40","348.92K","0.99%"
"Jan 28, 2018","505.30","510.00","511.90","501.20","266.73K","-1.06%"
"Jan 25, 2018","510.70","505.80","512.00","503.00","549.78K","0.95%"
"Jan 24, 2018","505.90","503.80","510.00","500.20","528.52K","0.42%"
"Jan 23, 2018","503.80","496.00","504.80","495.00","744.06K","1.90%"
"Jan 22, 2018","494.40","489.70","496.00","485.60","483.35K","1.37%"
"Jan 21, 2018","487.70","484.00","489.90","484.00","275.85K","0.91%"
"Jan 18, 2018","483.30","482.50","484.00","480.20","221.42K","0.39%"
"Jan 17, 2018","481.40","477.20","483.70","477.20","277.05K","0.33%"
"Jan 16, 2018","479.80","475.00","480.60","473.00","152.36K","1.31%"
"Jan 15, 2018","473.60","477.00","482.00","473.00","826.08K","-0.50%"
"Jan 14, 2018","476.00","477.00","477.00","473.00","68.81K","0.00%"
"Jan 11, 2018","476.00","472.20","477.50","472.00","98.36K","0.98%"
"Jan 10, 2018","471.40","472.00","473.10","469.00","126.92K","0.11%"
"Jan 09, 2018","470.90","472.60","472.60","469.50","175.76K","-0.36%"
"Jan 08, 2018","472.60","478.40","478.40","470.10","269.06K","-1.19%"
"Jan 07, 2018","478.30","477.20","479.50","477.00","152.94K","0.02%"
"Jan 04, 2018","478.20","487.60","487.60","477.80","310.83K","-1.60%"
"Jan 03, 2018","486.00","481.00","487.20","480.60","368.25K","1.33%"
"Jan 02, 2018","479.60","472.20","480.40","472.00","172.10K","1.61%"
"Jan 01, 2018","472.00","471.00","473.40","468.80","52.60K","0.25%"
"Dec 28, 2017","470.80","469.40","472.00","467.00","176.53K","0.62%"
"Dec 27, 2017","467.90","465.30","469.10","465.00","197.95K","0.28%"
"Dec 26, 2017","466.60","470.90","471.50","465.00","135.53K","-0.11%"
"Dec 24, 2017","467.10","460.10","468.00","460.10","65.83K","1.06%"
"Dec 21, 2017","462.20","462.40","464.70","460.10","360.34K","-0.04%"
"Dec 20, 2017","462.40","469.00","469.00","461.00","253.44K","-0.82%"
"Dec 19, 2017","466.20","468.20","472.00","465.00","193.08K","-0.41%"
"Dec 18, 2017","468.10","469.40","469.40","467.10","606.45K","0.24%"
"Dec 17, 2017","467.00","467.50","469.90","466.00","49.17K","0.26%"
"Dec 14, 2017","465.80","471.90","472.00","465.10","189.06K","-0.56%"
"Dec 13, 2017","468.40","470.00","475.80","468.00","103.67K","-0.23%"
"Dec 12, 2017","469.50","473.60","473.60","468.10","300.45K","-0.72%"
"Dec 11, 2017","472.90","474.50","475.70","472.10","400.26K","-0.42%"
"Dec 10, 2017","474.90","478.30","478.50","473.30","50.53K","-0.65%"
"Dec 07, 2017","478.00","480.80","480.80","475.60","125.69K","-0.13%"
"Dec 06, 2017","478.60","487.00","487.60","477.20","277.85K","-1.22%"
"Dec 05, 2017","484.50","484.00","492.00","482.60","311.61K","0.41%"
"Dec 04, 2017","482.50","477.00","483.00","477.00","696.52K","1.32%"
"Dec 03, 2017","476.20","472.10","478.10","472.10","329.04K","1.02%"
"Nov 30, 2017","471.40","475.00","477.00","468.60","346.13K","0.49%"
"Nov 29, 2017","469.10","466.00","474.00","460.80","255.42K","1.16%"
"Nov 28, 2017","463.70","471.00","474.80","461.30","251.57K","-1.45%"
"Nov 27, 2017","470.50","479.20","479.20","470.00","271.97K","-1.20%"
"Nov 26, 2017","476.20","476.20","482.00","475.50","136.46K","-0.50%"
"Nov 23, 2017","478.60","483.00","484.00","478.10","205.24K","-0.97%"
"Nov 22, 2017","483.30","473.50","484.90","473.00","386.39K","2.09%"
"Nov 21, 2017","473.40","480.00","482.80","472.50","549.91K","-1.42%"
"Nov 20, 2017","480.20","489.50","489.50","479.50","313.07K","-1.56%"
"Nov 19, 2017","487.80","489.00","495.00","486.00","241.56K","0.31%"
"Nov 16, 2017","486.30","484.00","489.90","472.00","609.59K","0.04%"
"Nov 15, 2017","486.10","500.00","501.00","484.20","525.67K","-2.76%"
"Nov 14, 2017","499.90","493.80","506.90","488.00","969.53K","1.71%"
"Nov 13, 2017","491.50","472.90","495.00","472.90","667.59K","4.26%"
"Nov 12, 2017","471.40","457.50","473.00","456.00","296.77K","3.17%"
"Nov 09, 2017","456.90","457.00","464.50","456.00","323.07K","-0.46%"
"Nov 08, 2017","459.00","442.00","460.00","442.00","707.66K","3.78%"
"Nov 07, 2017","442.30","444.50","446.90","440.70","203.66K","-0.56%"
"Nov 06, 2017","444.80","440.50","448.10","439.70","252.20K","1.18%"
"Nov 05, 2017","439.60","440.80","441.00","438.80","123.97K","-0.34%"
"Nov 02, 2017","441.10","438.20","443.90","438.00","257.64K","0.25%"
"Nov 01, 2017","440.00","439.80","444.00","438.00","117.97K","0.39%"
"Oct 31, 2017","438.30","441.90","441.90","437.60","119.51K","-0.32%"
"Oct 30, 2017","439.70","442.00","444.00","438.30","124.18K","-0.52%"
"Oct 29, 2017","442.00","445.30","447.70","438.50","207.61K","-0.74%"
"Oct 26, 2017","445.30","447.90","453.30","443.10","327.07K","-0.09%"
"Oct 25, 2017","445.70","440.00","450.00","437.00","262.80K","1.39%"
"Oct 24, 2017","439.60","431.30","442.00","431.30","587.34K","1.95%"
"Oct 23, 2017","431.20","431.90","433.80","429.00","422.25K","0.26%"
"Oct 22, 2017","430.10","430.00","434.00","425.10","358.64K","1.44%"
"Oct 19, 2017","424.00","420.00","426.80","419.00","60.36K","0.93%"
"Oct 18, 2017","420.10","422.10","422.90","418.50","193.87K","-0.45%"
"Oct 17, 2017","422.00","426.00","426.00","421.50","163.17K","-1.03%"
"Oct 16, 2017","426.40","428.10","431.50","425.20","159.96K","-0.54%"
"Oct 15, 2017","428.70","429.00","431.80","423.40","131.82K","-0.07%"
"Oct 12, 2017","429.00","430.00","433.00","426.20","260.71K","-0.83%"
"Oct 11, 2017","432.60","429.50","437.80","424.10","390.26K","1.19%"
"Oct 10, 2017","427.50","422.00","428.00","422.00","306.95K","1.30%"
"Oct 09, 2017","422.00","416.00","423.40","416.00","225.36K","0.98%"
"Oct 08, 2017","417.90","420.50","421.00","417.30","108.38K","-0.38%"
"Oct 05, 2017","419.50","416.10","423.50","416.10","126.18K","0.62%"
"Oct 04, 2017","416.90","415.00","418.00","414.40","126.15K","0.51%"
"Oct 03, 2017","414.80","410.00","417.60","409.50","337.47K","1.02%"
"Oct 02, 2017","410.60","412.30","415.00","408.00","215.22K","-1.13%"
"Sep 28, 2017","415.30","415.00","418.00","414.50","274.97K","-0.24%"
"Sep 27, 2017","416.30","411.00","417.00","411.00","580.47K","1.24%"
"Sep 26, 2017","411.20","410.00","413.90","410.00","122.11K","-0.19%"
"Sep 25, 2017","412.00","410.40","414.00","409.00","134.46K","0.39%"
"Sep 24, 2017","410.40","411.20","412.60","408.30","180.27K","-0.19%"
"Sep 21, 2017","411.20","413.70","414.00","410.00","101.73K","-0.60%"
"Sep 20, 2017","413.70","412.00","418.60","412.00","124.25K","0.15%"
"Sep 19, 2017","413.10","411.00","417.80","407.10","274.08K","1.15%"
"Sep 18, 2017","408.40","414.50","417.00","406.90","333.12K","-1.35%"
"Sep 17, 2017","414.00","418.00","419.30","413.00","300.46K","-1.57%"
"Sep 14, 2017","420.60","423.10","428.60","418.00","373.75K","-0.33%"
"Sep 13, 2017","422.00","415.00","427.90","413.20","583.33K","2.45%"
"Sep 12, 2017","411.90","420.00","421.00","410.70","528.29K","-1.67%"
"Sep 11, 2017","418.90","430.00","432.00","417.20","369.81K","-2.22%"
"Sep 10, 2017","428.40","408.00","435.00","405.20","734.39K","5.36%"
"Sep 07, 2017","406.60","396.90","407.00","396.90","573.12K","2.44%"
"Sep 06, 2017","396.90","401.70","401.80","394.80","197.12K","-0.03%"
"Sep 05, 2017","397.00","395.00","403.80","394.50","287.00K","1.28%"
"Sep 04, 2017","392.00","392.00","394.40","390.50","107.35K","0.62%"
"Aug 31, 2017","389.60","391.00","392.00","388.20","246.85K","-0.38%"
"Aug 30, 2017","391.10","390.50","391.90","390.00","175.72K","0.05%"
"Aug 29, 2017","390.90","388.90","393.80","388.90","166.77K","0.51%"
"Aug 28, 2017","388.90","387.10","390.00","386.20","180.34K","0.31%"
"Aug 27, 2017","387.70","390.00","390.00","386.20","118.22K","0.18%"
"Aug 24, 2017","387.00","388.40","389.00","386.10","233.08K","-0.10%"
"Aug 23, 2017","387.40","390.50","392.10","386.10","227.12K","-1.00%"
"Aug 22, 2017","391.30","391.10","394.00","390.40","206.76K","-0.15%"
"Aug 21, 2017","391.90","391.50","392.00","388.70","181.69K","0.10%"
"Aug 20, 2017","391.50","391.60","393.00","386.50","122.40K","-0.13%"
"Aug 17, 2017","392.00","388.00","394.80","388.00","393.45K","1.24%"
"Aug 16, 2017","387.20","382.00","389.40","382.00","541.45K","1.68%"
"Aug 13, 2017","380.80","381.60","381.70","380.20","176.52K","0.18%"
"Aug 10, 2017","380.10","376.20","381.00","376.20","508.97K","0.96%"
"Aug 09, 2017","376.50","376.50","376.90","376.00","228.48K","0.08%"
"Aug 08, 2017","376.20","377.00","379.90","375.10","132.54K","0.00%"
"Aug 07, 2017","376.20","379.40","379.90","374.50","297.43K","-0.34%"
"Aug 06, 2017","377.50","373.20","378.00","373.20","161.06K","0.72%"
"Aug 03, 2017","374.80","370.00","376.50","370.00","535.88K","-1.19%"
"Aug 01, 2017","379.30","379.70","381.70","378.60","550.59K","-0.05%"
"Jul 31, 2017","379.50","376.20","381.00","376.20","305.86K","0.56%"
"Jul 30, 2017","377.40","376.70","380.20","376.60","229.61K","-0.45%"
"Jul 27, 2017","379.10","375.50","382.00","375.00","713.22K","1.12%"
"Jul 26, 2017","374.90","371.00","376.90","370.00","607.98K","1.19%"
"Jul 25, 2017","370.50","369.00","371.50","369.00","221.65K","0.65%"
"Jul 24, 2017","368.10","367.00","369.00","366.70","269.83K","0.33%"
"Jul 23, 2017","366.90","367.90","368.70","366.60","129.70K","0.14%"
"Jul 20, 2017","366.40","370.00","371.40","364.70","354.18K","-0.92%"
"Jul 19, 2017","369.80","365.10","371.50","364.00","550.63K","1.29%"
"Jul 18, 2017","365.10","370.90","370.90","364.30","220.29K","-1.11%"
"Jul 17, 2017","369.20","370.90","374.00","368.10","383.12K","-0.43%"
"Jul 16, 2017","370.80","365.10","375.00","365.10","597.94K","1.56%"
"Jul 13, 2017","365.10","354.80","367.00","350.00","1.82M","4.94%"
"Jul 12, 2017","347.90","348.50","350.90","346.10","457.40K","-0.14%"
"Jul 11, 2017","348.40","348.30","350.50","346.90","275.35K","0.09%"
"Jul 10, 2017","348.10","340.00","349.00","340.00","356.74K","3.17%"
"Jul 09, 2017","337.40","340.50","344.80","335.00","504.15K","-0.82%"
"Jul 06, 2017","340.20","355.40","355.40","340.00","1.04M","-4.28%"
"Jul 05, 2017","355.40","355.00","356.40","354.00","269.81K","-0.06%"
"Jul 04, 2017","355.60","351.10","356.70","351.10","525.10K","0.99%"
"Jul 03, 2017","352.10","344.50","353.20","344.50","608.38K","2.21%"
"Jul 02, 2017","344.50","344.30","346.50","344.00","98.28K","0.03%"
"Jun 29, 2017","344.40","341.00","344.60","341.00","528.97K","0.88%"
"Jun 28, 2017","341.40","340.00","342.40","338.10","208.41K","0.44%"
"Jun 22, 2017","339.90","338.80","341.00","338.80","342.34K","0.50%"
"Jun 21, 2017","338.20","335.80","338.50","335.20","291.58K","0.99%"
"Jun 20, 2017","334.90","332.10","335.00","332.10","275.34K","0.69%"
"Jun 19, 2017","332.60","340.00","340.00","331.10","55.38K","0.15%"
"Jun 18, 2017","332.10","331.10","332.90","331.10","101.29K","-0.03%"
"Jun 15, 2017","332.20","333.00","335.00","331.20","252.59K","0.12%"
"Jun 14, 2017","331.80","331.50","333.00","331.40","98.29K","0.06%"
"Jun 13, 2017","331.60","331.10","335.60","330.60","51.79K","0.15%"
"Jun 12, 2017","331.10","330.90","331.90","330.70","191.50K","0.00%"
"Jun 11, 2017","331.10","333.30","333.30","330.20","177.33K","-0.84%"
"Jun 08, 2017","333.90","335.90","336.00","332.80","272.87K","-0.80%"
"Jun 07, 2017","336.60","337.90","337.90","335.00","67.20K","0.03%"
"Jun 06, 2017","336.50","337.10","337.70","335.00","67.34K","0.09%"
"Jun 05, 2017","336.20","336.00","337.80","335.00","176.06K","-0.06%"
"Jun 04, 2017","336.40","333.50","337.00","333.10","183.05K","0.63%"
"Jun 01, 2017","334.30","329.20","334.60","329.20","79.34K","1.70%"
"May 31, 2017","328.70","329.20","331.00","325.20","390.72K","-0.12%"
"May 30, 2017","329.10","331.50","331.50","328.10","91.02K","-0.78%"
"May 29, 2017","331.70","331.70","332.40","331.20","148.53K","-0.03%"
"May 28, 2017","331.80","334.00","334.00","331.60","21.34K","-0.51%"
"May 25, 2017","333.50","331.10","335.00","331.10","39.64K","0.54%"
"May 24, 2017","331.70","331.10","333.00","331.00","45.73K","0.00%"
"May 23, 2017","331.70","331.10","332.00","330.60","94.11K","-0.06%"
"May 22, 2017","331.90","331.20","334.00","331.00","60.98K","0.21%"
"May 21, 2017","331.20","334.90","335.00","330.30","50.17K","-0.15%"
"May 18, 2017","331.70","330.20","335.00","329.00","88.54K","-0.12%"
"May 17, 2017","332.10","328.00","336.00","328.00","138.80K","0.61%"
"May 16, 2017","330.10","332.00","333.90","329.80","118.39K","-0.57%"
"May 15, 2017","332.00","335.60","335.60","331.80","97.17K","-1.19%"
"May 14, 2017","336.00","338.80","338.90","335.00","121.97K","-0.21%"
"May 11, 2017","336.70","338.00","339.00","335.90","155.56K","-0.44%"
"May 09, 2017","338.20","339.50","339.50","337.20","57.18K","-0.44%"
"May 08, 2017","339.70","340.00","340.50","339.00","115.14K","-0.09%"
"May 07, 2017","340.00","340.00","341.20","339.70","156.88K","0.09%"
"May 04, 2017","339.70","337.00","340.40","337.00","136.82K","0.59%"
"May 03, 2017","337.70","338.00","339.50","336.60","157.00K","-0.21%"
"May 02, 2017","338.40","337.90","340.40","337.00","104.94K","0.24%"
"Apr 30, 2017","337.60","337.10","339.00","337.00","71.72K","0.09%"
"Apr 27, 2017","337.30","339.90","341.80","336.10","84.92K","0.18%"
"Apr 26, 2017","336.70","338.00","339.50","334.50","247.05K","-0.65%"
"Apr 25, 2017","338.90","340.00","340.00","338.20","109.32K","-0.26%"
"Apr 24, 2017","339.80","339.90","341.90","337.80","304.73K","0.41%"
"Apr 23, 2017","338.40","338.00","342.80","336.50","256.56K","1.20%"
"Apr 20, 2017","334.40","336.90","336.90","333.10","64.59K","-0.27%"
"Apr 19, 2017","335.30","333.00","336.00","328.10","139.14K","0.18%"
"Apr 18, 2017","334.70","335.00","336.00","331.00","101.11K","-0.21%"
"Apr 17, 2017","335.40","337.00","338.00","332.10","105.84K","-0.50%"
"Apr 16, 2017","337.10","340.00","340.90","336.70","147.79K","-0.44%"
"Apr 13, 2017","338.60","342.00","342.00","338.00","30.30K","-1.14%"
"Apr 12, 2017","342.50","343.00","344.00","336.20","135.14K","-0.20%"
"Apr 11, 2017","343.20","344.50","345.50","342.60","83.43K","-0.17%"
"Apr 10, 2017","343.80","342.10","344.90","342.10","104.92K","-0.09%"
"Apr 09, 2017","344.10","345.00","346.50","342.30","160.53K","0.35%"
"Apr 06, 2017","342.90","346.50","346.90","342.00","165.68K","-0.78%"
"Apr 05, 2017","345.60","348.00","348.00","343.10","255.32K","-0.72%"
"Apr 04, 2017","348.10","349.90","352.90","346.40","762.38K","0.12%"
"Apr 03, 2017","347.70","338.30","350.00","338.30","554.93K","2.78%"
"Apr 02, 2017","338.30","332.20","339.80","331.10","375.87K","1.87%"
"Mar 30, 2017","332.10","330.00","334.50","330.00","298.13K","0.67%"
"Mar 29, 2017","329.90","319.40","330.50","319.20","511.36K","3.35%"
"Mar 28, 2017","319.20","316.60","319.90","316.60","261.85K","0.57%"
"Mar 27, 2017","317.40","316.10","317.50","315.70","249.93K","0.00%"
"Mar 23, 2017","317.40","317.00","317.70","316.00","128.15K","0.00%"
"Mar 22, 2017","317.40","314.00","318.50","314.00","126.12K","-0.19%"
"Mar 21, 2017","318.00","316.00","318.30","315.50","332.24K","0.25%"
"Mar 20, 2017","317.20","317.00","317.80","316.70","98.54K","-0.03%"
"Mar 19, 2017","317.30","317.00","318.20","315.60","151.38K","0.16%"
"Mar 16, 2017","316.80","315.20","317.10","315.10","98.79K","-0.16%"
"Mar 15, 2017","317.30","317.80","317.80","313.20","113.76K","-0.03%"
"Mar 14, 2017","317.40","317.90","317.90","314.20","111.07K","0.16%"
"Mar 13, 2017","316.90","318.40","318.40","313.60","100.11K","0.00%"
"Mar 12, 2017","316.90","318.70","318.70","316.30","207.50K","-0.28%"
"Mar 09, 2017","317.80","316.90","318.90","316.90","353.18K","0.28%"
"Mar 08, 2017","316.90","313.10","318.00","313.10","332.12K","0.76%"
"Mar 07, 2017","314.50","310.60","314.90","310.60","335.94K","1.00%"
"Mar 06, 2017","311.40","309.50","311.70","309.00","159.90K","0.10%"
"Mar 05, 2017","311.10","311.90","311.90","310.30","52.65K","0.23%"
"Mar 02, 2017","310.40","310.00","311.00","309.00","119.22K","0.32%"
"Mar 01, 2017","309.40","309.20","312.00","308.60","110.52K","0.13%"
"Feb 28, 2017","309.00","308.20","310.20","307.90","309.17K","-0.77%"
"Feb 27, 2017","311.40","315.10","315.10","310.00","247.29K","-0.54%"
"Feb 26, 2017","313.10","315.20","315.20","312.60","281.07K","-0.67%"
"Feb 23, 2017","315.20","317.70","319.30","308.20","332.72K","-1.28%"
"Feb 20, 2017","319.30","318.80","320.20","318.40","378.71K","-0.13%"
"Feb 19, 2017","319.70","320.00","320.20","319.00","227.54K","-0.06%"
"Feb 16, 2017","319.90","318.00","321.00","317.80","455.74K","0.53%"
"Feb 15, 2017","318.20","320.00","320.50","317.00","519.19K","-0.50%"
"Feb 14, 2017","319.80","319.90","320.40","317.10","478.28K","0.53%"
"Feb 13, 2017","318.10","309.90","319.70","309.90","363.34K","2.68%"
"Feb 12, 2017","309.80","307.10","310.00","307.10","146.57K","0.23%"
"Feb 09, 2017","309.10","308.00","309.90","307.20","124.89K","0.13%"
"Feb 08, 2017","308.70","304.60","309.90","304.50","205.30K","1.18%"
"Feb 07, 2017","305.10","303.80","305.70","303.70","131.14K","-0.13%"
"Feb 06, 2017","305.50","304.00","306.00","304.00","124.32K","0.33%"
"Feb 05, 2017","304.50","306.50","306.80","302.50","233.98K","0.07%"
"Feb 02, 2017","304.30","306.50","310.90","304.00","236.78K","-0.72%"
"Feb 01, 2017","306.50","301.00","307.90","301.00","311.35K","1.62%"
"Jan 31, 2017","301.60","301.00","302.30","300.00","139.61K","-0.33%"
"Jan 30, 2017","302.60","303.00","304.50","301.20","198.72K","-0.49%"
"Jan 29, 2017","304.10","305.50","309.00","302.10","197.61K","-0.30%"
"Jan 26, 2017","305.00","302.00","305.90","300.00","359.17K","0.76%"
"Jan 25, 2017","302.70","306.30","307.00","300.00","666.49K","-1.27%"
"Jan 24, 2017","306.60","298.50","308.00","298.50","827.67K","2.64%"
"Jan 23, 2017","298.70","297.40","299.70","297.00","505.51K","0.54%"
"Jan 22, 2017","297.10","298.00","298.70","296.70","187.82K","-0.03%"
"Jan 19, 2017","297.20","297.00","297.90","295.50","388.51K","-0.20%"
"Jan 18, 2017","297.80","294.00","299.70","292.00","594.22K","0.95%"
"Jan 17, 2017","295.00","292.10","295.40","292.00","225.95K","0.24%"
"Jan 16, 2017","294.30","290.00","295.00","289.90","473.95K","1.52%"
"Jan 15, 2017","289.90","291.00","292.00","288.00","181.69K","-0.89%"
"Jan 12, 2017","292.50","290.70","292.80","288.50","665.21K","0.69%"
"Jan 11, 2017","290.50","288.00","290.50","288.00","113.63K","0.41%"
"Jan 10, 2017","289.30","290.10","290.50","287.50","313.30K","-0.52%"
"Jan 09, 2017","290.80","290.00","291.50","289.50","128.63K","-0.41%"
"Jan 08, 2017","292.00","288.00","293.70","286.90","300.58K","1.53%"
"Jan 05, 2017","287.60","290.00","291.70","286.50","263.37K","-0.35%"
"Jan 04, 2017","288.60","286.10","289.90","286.10","431.20K","0.98%"
"Jan 03, 2017","285.80","284.00","287.00","283.50","510.52K","0.70%"
"Jan 02, 2017","283.80","282.00","286.00","282.00","207.80K","0.28%"
"Jan 01, 2017","283.00","283.50","285.00","281.50","81.41K","-0.39%"
"Dec 29, 2016","284.10","283.10","285.70","283.00","121.98K","0.25%"
"Dec 28, 2016","283.40","283.00","284.50","283.00","97.41K","-0.11%"
"Dec 27, 2016","283.70","283.70","285.90","283.00","116.76K","0.04%"
"Dec 26, 2016","283.60","286.00","286.00","283.00","132.58K","-0.74%"
"Dec 22, 2016","285.70","286.10","287.00","285.00","211.87K","-0.45%"
"Dec 21, 2016","287.00","287.00","287.50","286.30","118.15K","0.03%"
"Dec 20, 2016","286.90","285.00","287.00","285.00","279.65K","0.31%"
"Dec 19, 2016","286.00","285.20","286.30","285.00","383.92K","0.14%"
"Dec 18, 2016","285.60","287.70","287.80","285.00","55.15K","-0.45%"
"Dec 15, 2016","286.90","288.00","288.00","286.00","356.47K","0.38%"
"Dec 14, 2016","285.80","283.00","287.00","283.00","220.88K","0.07%"
"Dec 12, 2016","285.60","284.00","286.20","284.00","93.53K","-0.10%"
"Dec 11, 2016","285.90","287.00","288.90","285.50","130.37K","-0.73%"
"Dec 08, 2016","288.00","290.00","290.00","287.20","197.84K","-0.03%"
"Dec 07, 2016","288.10","286.20","288.80","286.20","287.82K","0.45%"
"Dec 06, 2016","286.80","287.90","287.90","286.00","180.69K","0.10%"
"Dec 05, 2016","286.50","284.00","286.70","284.00","370.96K","0.70%"
"Dec 04, 2016","284.50","283.30","284.50","283.30","62.93K","0.11%"
"Dec 01, 2016","284.20","283.90","284.90","283.00","113.53K","0.28%"
"Nov 30, 2016","283.40","289.90","289.90","282.50","351.44K","-0.42%"
"Nov 29, 2016","284.60","285.20","287.00","282.30","193.62K","-0.14%"
"Nov 28, 2016","285.00","286.00","287.30","284.70","130.58K","-0.80%"
"Nov 27, 2016","287.30","288.00","289.10","287.00","113.65K","-0.24%"
"Nov 24, 2016","288.00","292.00","292.00","287.60","381.57K","-0.76%"
"Nov 23, 2016","290.20","288.60","291.40","288.60","357.22K","0.07%"
"Nov 22, 2016","290.00","288.00","290.20","286.70","533.39K","1.05%"
"Nov 21, 2016","287.00","287.10","289.00","286.50","244.91K","-0.35%"
"Nov 20, 2016","288.00","282.50","292.00","282.50","433.00K","1.44%"
"Nov 17, 2016","283.90","281.80","284.50","281.70","684.45K","1.10%"
"Nov 16, 2016","280.80","279.80","282.00","279.40","404.17K","0.47%"
"Nov 15, 2016","279.50","279.10","280.10","279.00","90.42K","-0.14%"
"Nov 14, 2016","279.90","280.00","280.10","279.00","197.53K","0.11%"
"Nov 13, 2016","279.60","277.10","280.50","276.90","76.81K","0.22%"
"Nov 10, 2016","279.00","279.10","280.10","278.20","172.21K","-0.71%"
"Nov 09, 2016","281.00","281.30","282.00","279.60","200.90K","-0.43%"
"Nov 08, 2016","282.20","279.10","283.50","279.10","337.32K","0.86%"
"Nov 07, 2016","279.80","278.00","280.00","278.00","211.28K","0.50%"
"Nov 06, 2016","278.40","279.90","279.90","278.00","45.79K","-0.14%"
"Nov 03, 2016","278.80","278.10","279.70","278.10","204.33K","0.22%"
"Nov 02, 2016","278.20","278.50","279.90","277.00","267.06K","0.25%"
"Nov 01, 2016","277.50","273.00","278.20","272.50","118.48K","1.57%"
"Oct 31, 2016","273.20","275.00","276.00","272.80","139.73K","-1.34%"
"Oct 30, 2016","276.90","277.00","279.50","276.30","77.58K","-0.79%"
"Oct 27, 2016","279.10","279.90","281.40","278.50","111.61K","0.11%"
"Oct 26, 2016","278.80","280.00","281.80","278.10","138.56K","-1.13%"
"Oct 25, 2016","282.00","285.00","285.00","281.60","238.89K","-0.95%"
"Oct 24, 2016","284.70","281.20","285.00","281.00","315.23K","1.32%"
"Oct 23, 2016","281.00","277.50","282.00","277.00","354.34K","1.52%"
"Oct 20, 2016","276.80","277.80","278.00","276.00","183.31K","0.40%"
"Oct 19, 2016","275.70","275.00","278.20","274.80","524.15K","0.69%"
"Oct 18, 2016","273.80","270.70","274.40","270.40","250.91K","1.33%"
"Oct 17, 2016","270.20","270.40","270.70","269.60","87.65K","0.04%"
"Oct 16, 2016","270.10","269.70","270.50","268.70","77.58K","0.11%"
"Oct 13, 2016","269.80","269.00","270.50","267.60","51.95K","0.97%"
"Oct 10, 2016","267.20","269.80","270.50","265.60","138.89K","-0.67%"
"Oct 09, 2016","269.00","270.40","271.30","268.00","64.03K","-1.21%"
"Oct 06, 2016","272.30","272.00","272.60","270.00","94.12K","0.18%"
"Oct 05, 2016","271.80","273.90","273.90","271.30","73.99K","-0.77%"
"Oct 04, 2016","273.90","271.00","274.20","270.10","393.60K","1.41%"
"Oct 03, 2016","270.10","268.80","270.50","268.70","128.26K","0.07%"
"Oct 02, 2016","269.90","268.50","270.00","268.50","119.15K","0.04%"
"Sep 29, 2016","269.80","269.00","270.00","268.50","143.54K","0.56%"
"Sep 28, 2016","268.30","267.10","269.90","267.10","67.99K","0.15%"
"Sep 27, 2016","267.90","269.20","270.00","267.10","82.65K","-0.74%"
"Sep 26, 2016","269.90","268.10","270.00","268.10","101.86K","0.48%"
"Sep 25, 2016","268.60","267.10","270.00","265.60","159.63K","0.30%"
"Sep 24, 2016","267.80","263.70","268.50","263.50","136.05K","1.06%"
"Sep 22, 2016","265.00","262.00","265.50","262.00","132.22K","1.03%"
"Sep 21, 2016","262.30","264.00","264.60","261.90","133.17K","-0.64%"
"Sep 20, 2016","264.00","262.00","264.80","262.00","113.99K","0.23%"
"Sep 19, 2016","263.40","265.00","266.90","260.00","81.82K","-0.90%"
"Sep 18, 2016","265.80","265.00","267.00","264.90","32.48K","-0.15%"
"Sep 08, 2016","266.20","266.30","268.00","266.00","99.62K","-0.37%"
"Sep 07, 2016","267.20","266.00","268.00","266.00","99.01K","0.04%"
"Sep 06, 2016","267.10","268.00","268.90","266.10","140.64K","-0.19%"
"Sep 05, 2016","267.60","268.00","268.00","265.70","64.32K","0.19%"
"Sep 04, 2016","267.10","263.70","270.00","263.70","89.85K","1.02%"
"Sep 01, 2016","264.40","262.90","264.90","262.30","71.03K","0.19%"
"Aug 31, 2016","263.90","262.00","264.90","262.00","128.38K","-0.26%"
"Aug 30, 2016","264.60","264.70","265.00","263.50","61.94K","-0.04%"
"Aug 29, 2016","264.70","265.40","265.80","263.60","83.30K","-0.26%"
"Aug 28, 2016","265.40","265.10","265.70","265.00","61.90K","-0.56%"
"Aug 24, 2016","266.90","267.10","267.60","266.10","50.76K","-0.48%"
"Aug 23, 2016","268.20","270.20","272.00","267.20","231.67K","-0.92%"
"Aug 22, 2016","270.70","270.50","271.00","270.30","107.44K","0.19%"
"Aug 21, 2016","270.20","270.00","272.00","267.20","107.31K","-0.48%"
"Aug 18, 2016","271.50","271.20","272.50","271.20","241.12K","-0.15%"
"Aug 17, 2016","271.90","272.00","273.00","271.30","165.13K","-0.48%"
"Aug 16, 2016","273.20","271.00","273.60","270.10","145.20K","1.11%"
"Aug 14, 2016","270.20","272.50","272.80","268.50","77.63K","-0.44%"
"Aug 11, 2016","271.40","272.00","275.00","269.10","246.73K","0.78%"
"Aug 10, 2016","269.30","267.90","270.00","265.60","251.04K","0.64%"
"Aug 09, 2016","267.60","265.30","268.50","264.50","196.82K","-2.69%"
"Aug 07, 2016","275.00","277.40","277.40","273.10","347.32K","0.26%"
"Aug 04, 2016","274.30","275.10","275.30","273.00","192.87K","-0.58%"
"Aug 03, 2016","275.90","276.30","277.40","275.50","150.27K","-0.22%"
"Aug 02, 2016","276.50","275.50","279.40","275.50","166.46K","0.33%"
"Aug 01, 2016","275.60","276.60","276.70","274.60","168.03K","-0.29%"
"Jul 31, 2016","276.40","276.50","280.80","275.00","218.47K","-1.67%"
"Jul 28, 2016","281.10","284.00","285.90","265.00","419.66K","-1.26%"
"Jul 27, 2016","284.70","278.00","286.00","278.00","1.38M","1.79%"
"Jul 26, 2016","279.70","269.10","281.50","269.10","773.15K","3.32%"
"Jul 25, 2016","270.70","265.20","271.90","265.20","435.68K","1.81%"
"Jul 24, 2016","265.90","263.00","268.90","263.00","91.34K","-0.75%"
"Jul 21, 2016","267.90","268.00","268.60","266.60","230.53K","0.00%"
"Jul 20, 2016","267.90","263.00","268.90","263.00","439.46K","2.06%"
"Jul 19, 2016","262.50","259.40","263.40","257.70","390.10K","1.74%"
"Jul 18, 2016","258.00","259.00","261.00","256.00","359.80K","-0.08%"
"Jul 17, 2016","258.20","256.20","259.00","256.20","138.10K","0.39%"
"Jul 16, 2016","257.20","257.00","257.50","256.30","99.34K","0.12%"
"Jul 14, 2016","256.90","257.00","257.40","256.30","134.40K","0.16%"
"Jul 13, 2016","256.50","256.80","259.50","256.10","189.09K","0.20%"
"Jul 12, 2016","256.00","255.80","257.00","254.10","61.80K","0.55%"
"Jul 11, 2016","254.60","253.00","255.00","252.50","60.76K","0.59%"
"Jul 10, 2016","253.10","252.00","254.00","250.00","65.33K","-0.63%"
"Jun 30, 2016","254.70","251.70","257.00","251.70","193.22K","0.99%"
"Jun 29, 2016","252.20","253.90","254.50","250.00","165.94K","-0.12%"
"Jun 28, 2016","252.50","250.00","253.90","249.80","465.93K","1.04%"
"Jun 27, 2016","249.90","250.00","250.70","249.10","72.02K","-0.16%"
"Jun 26, 2016","250.30","250.00","251.40","249.00","61.59K","-0.12%"
"Jun 23, 2016","250.60","250.20","252.20","250.00","57.77K","0.04%"
"Jun 22, 2016","250.50","252.00","252.00","250.10","47.62K","-0.32%"
"Jun 21, 2016","251.30","252.00","252.00","250.40","44.55K","-0.04%"
"Jun 20, 2016","251.40","252.00","254.40","250.00","55.10K","-0.16%"
"Jun 19, 2016","251.80","252.10","252.50","251.60","77.19K","-0.32%"
"Jun 16, 2016","252.60","255.60","255.60","252.10","130.28K","-0.94%"
"Jun 15, 2016","255.00","255.00","256.00","254.80","202.78K","-0.08%"
"Jun 14, 2016","255.20","255.70","255.70","254.80","113.93K","0.08%"
"Jun 13, 2016","255.00","255.10","255.20","254.80","105.72K","-0.04%"
"Jun 12, 2016","255.10","255.20","256.00","255.00","58.91K","-0.20%"
"Jun 09, 2016","255.60","255.10","257.00","255.00","66.91K","-0.08%"
"Jun 08, 2016","255.80","256.00","257.00","255.10","29.18K","0.24%"
"Jun 07, 2016","255.20","255.10","256.80","253.70","333.43K","-0.43%"
"Jun 06, 2016","256.30","255.20","257.20","255.20","95.28K","-0.08%"
"Jun 05, 2016","256.50","255.20","257.00","254.10","80.29K","0.20%"
"Jun 02, 2016","256.00","256.70","257.00","255.20","41.97K","-0.16%"
"Jun 01, 2016","256.40","255.00","257.00","255.00","39.14K","0.51%"
"May 31, 2016","255.10","257.00","257.00","254.60","145.88K","-0.70%"
"May 30, 2016","256.90","257.00","257.80","255.50","161.18K","0.04%"
"May 29, 2016","256.80","255.20","257.40","253.90","129.37K","0.90%"
"May 26, 2016","254.50","254.00","256.00","252.90","81.58K","0.00%"
"May 25, 2016","254.50","256.60","257.00","254.30","161.25K","-0.82%"
"May 24, 2016","256.60","256.70","257.70","256.20","145.93K","-0.39%"
"May 22, 2016","257.60","255.20","258.00","254.50","330.21K","0.94%"
"May 19, 2016","255.20","254.60","258.00","254.00","128.64K","-0.04%"
"May 18, 2016","255.30","252.20","256.00","252.20","103.76K","0.67%"
"May 17, 2016","253.60","252.20","254.10","252.20","84.94K","0.24%"
"May 16, 2016","253.00","252.00","254.00","252.00","100.25K","0.08%"
"May 15, 2016","252.80","251.10","253.80","251.10","78.91K","0.08%"
"May 12, 2016","252.60","251.10","253.80","251.10","81.40K","-0.08%"
"May 11, 2016","252.80","252.10","254.80","252.10","50.09K","-0.78%"
"May 10, 2016","254.80","253.40","256.10","253.40","190.35K","0.71%"
"May 09, 2016","253.00","249.80","253.50","249.60","196.05K","1.48%"
"May 08, 2016","249.30","247.00","249.90","247.00","78.38K","0.40%"
"May 05, 2016","248.30","247.00","249.90","247.00","84.83K","0.98%"
"May 04, 2016","245.90","246.00","249.50","245.00","128.93K","-0.85%"
"May 03, 2016","248.00","247.00","249.90","244.30","109.99K","1.47%"
"May 02, 2016","244.40","245.00","246.50","241.80","92.01K","-0.81%"
"Apr 28, 2016","246.40","250.50","251.00","244.30","160.04K","-1.56%"
"Apr 27, 2016","250.30","251.00","252.30","249.40","175.58K","-0.56%"
"Apr 26, 2016","251.70","251.90","252.30","248.70","124.37K","0.20%"
"Apr 25, 2016","251.20","250.00","253.00","246.60","280.59K","1.05%"
"Apr 24, 2016","248.60","248.60","252.90","246.00","167.93K","0.00%"
"Apr 21, 2016","248.60","243.00","252.00","242.90","362.57K","3.45%"
"Apr 20, 2016","240.30","237.00","241.30","237.00","166.15K","2.12%"
"Apr 19, 2016","235.30","233.60","236.70","233.60","135.15K","0.86%"
"Apr 18, 2016","233.30","235.90","236.80","232.50","119.40K","-0.13%"
"Apr 17, 2016","233.60","234.00","235.50","233.50","76.55K","-0.04%"
"Apr 13, 2016","233.70","234.00","235.00","233.10","75.39K","0.00%"
"Apr 12, 2016","233.70","233.80","234.80","233.00","42.21K","-0.09%"
"Apr 11, 2016","233.90","234.50","236.30","233.50","50.01K","-0.68%"
"Apr 10, 2016","235.50","233.00","238.70","232.00","78.93K","1.03%"
"Apr 07, 2016","233.10","233.20","233.90","232.50","47.26K","0.26%"
"Apr 06, 2016","232.50","232.50","233.30","232.10","42.28K","-0.21%"
"Apr 05, 2016","233.00","232.30","233.90","232.30","48.82K","-0.09%"
"Apr 04, 2016","233.20","233.10","234.80","231.20","40.22K","-0.30%"
"Apr 03, 2016","233.90","227.00","234.90","226.90","53.49K","3.13%"
"Mar 31, 2016","226.80","232.00","232.00","224.50","311.47K","-1.31%"
"Mar 30, 2016","229.80","230.30","233.90","228.60","101.99K","-0.56%"
"Mar 29, 2016","231.10","230.40","234.90","230.20","114.59K","-0.56%"
"Mar 28, 2016","232.40","234.10","235.00","231.40","79.42K","-0.90%"
"Mar 27, 2016","234.50","235.10","236.00","233.90","59.22K","-0.85%"
"Mar 24, 2016","236.50","235.20","237.00","234.10","81.67K","0.00%"
"Mar 23, 2016","236.50","239.00","239.00","234.70","179.05K","-0.25%"
"Mar 22, 2016","237.10","240.00","240.00","236.00","65.75K","-1.25%"
"Mar 21, 2016","240.10","240.50","241.40","239.80","101.99K","-0.58%"
"Mar 20, 2016","241.50","239.50","244.90","238.60","67.08K","1.13%"
"Mar 16, 2016","238.80","240.60","241.00","237.50","112.44K","-0.75%"
"Mar 15, 2016","240.60","242.10","243.00","240.30","85.90K","-0.21%"
"Mar 14, 2016","241.10","243.00","244.00","240.80","212.30K","-0.99%"
"Mar 13, 2016","243.50","244.80","244.80","242.60","44.71K","0.25%"
"Mar 10, 2016","242.90","244.00","244.00","242.60","79.32K","-0.37%"
"Mar 09, 2016","243.80","245.50","246.00","243.20","57.09K","-0.04%"
"Mar 08, 2016","243.90","243.70","246.50","242.80","67.83K","-0.49%"
"Mar 07, 2016","245.10","246.00","248.10","243.50","145.53K","-0.89%"
"Mar 06, 2016","247.30","241.60","248.40","241.00","131.86K","1.35%"
"Mar 03, 2016","244.00","241.00","244.50","241.00","142.06K","1.58%"
"Mar 02, 2016","240.20","244.10","245.00","239.60","861.31K","-1.60%"
"Mar 01, 2016","244.10","250.10","251.50","243.00","693.93K","-4.87%"
"Feb 28, 2016","256.60","256.20","257.50","255.10","135.89K","0.16%"
"Feb 25, 2016","256.20","256.00","256.50","255.20","78.28K","0.12%"
"Feb 24, 2016","255.90","256.50","258.00","255.50","132.10K","-0.27%"
"Feb 23, 2016","256.60","259.00","259.70","256.00","235.20K","-0.66%"
"Feb 22, 2016","258.30","255.30","259.70","253.10","202.03K","1.37%"
"Feb 18, 2016","254.80","256.00","256.00","254.50","170.09K","-0.12%"
"Feb 17, 2016","255.10","256.00","257.00","254.00","96.39K","-0.47%"
"Feb 16, 2016","256.30","258.00","258.00","255.10","114.74K","-0.08%"
"Feb 15, 2016","256.50","255.00","257.90","254.50","155.12K","0.71%"
"Feb 14, 2016","254.70","255.50","257.60","254.10","142.71K","-0.35%"
"Feb 11, 2016","255.60","257.80","258.00","255.30","113.26K","-0.93%"
"Feb 10, 2016","258.00","259.70","259.70","255.30","250.90K","0.16%"
"Feb 09, 2016","257.60","258.60","260.00","255.00","175.39K","-0.12%"
"Feb 08, 2016","257.90","260.00","260.00","254.90","287.38K","0.23%"
"Feb 07, 2016","257.30","260.40","260.40","255.80","101.82K","-0.69%"
"Feb 04, 2016","259.10","258.70","261.20","258.70","111.56K","-0.73%"
"Feb 03, 2016","261.00","260.70","264.70","260.20","133.53K","0.00%"
"Feb 02, 2016","261.00","256.30","262.00","256.30","121.14K","1.83%"
"Feb 01, 2016","256.30","257.00","259.00","254.30","155.22K","-0.16%"
"Jan 31, 2016","256.70","262.50","262.50","255.60","125.27K","-1.72%"
"Jan 28, 2016","261.20","265.00","265.70","260.00","133.90K","-1.47%"
"Jan 27, 2016","265.10","268.00","269.60","264.60","110.25K","-1.08%"
"Jan 26, 2016","268.00","266.50","268.80","265.50","157.47K","0.11%"
"Jan 25, 2016","267.70","266.20","268.30","266.10","100.50K","0.00%"
"Jan 24, 2016","267.70","266.00","269.00","265.00","103.71K","0.64%"
"Jan 21, 2016","266.00","269.80","269.80","265.20","224.73K","-1.00%"
"Jan 20, 2016","268.70","274.00","274.00","267.00","323.14K","-1.58%"
"Jan 19, 2016","273.00","263.30","274.00","261.50","648.78K","4.56%"
"Jan 18, 2016","261.10","259.50","263.80","259.00","185.69K","0.69%"
"Jan 17, 2016","259.30","257.00","262.50","257.00","236.68K","0.93%"
"Jan 14, 2016","256.90","256.60","257.90","254.50","127.15K","0.27%"
"Jan 13, 2016","256.20","255.40","257.90","253.60","161.79K","0.27%"
"Jan 12, 2016","255.50","258.50","259.80","255.00","76.31K","-0.82%"
"Jan 11, 2016","257.60","254.00","262.00","253.50","233.19K","1.54%"
"Jan 10, 2016","253.70","252.00","254.50","252.00","102.80K","0.59%"
"Jan 07, 2016","252.20","253.10","253.80","251.90","144.68K","-0.12%"
"Jan 06, 2016","252.50","252.00","254.80","251.90","131.44K","0.40%"
"Jan 05, 2016","251.50","252.70","253.00","251.10","156.96K","-0.32%"
"Jan 04, 2016","252.30","254.50","254.80","252.10","102.66K","-0.39%"
"Jan 03, 2016","253.30","253.40","254.00","252.90","44.88K","0.12%"
"Dec 31, 2015","253.00","253.00","253.30","252.30","84.85K","0.16%"
"Dec 30, 2015","252.60","253.00","253.40","252.10","78.65K","-0.04%"
"Dec 29, 2015","252.70","254.00","254.40","252.30","117.07K","-0.16%"
"Dec 28, 2015","253.10","253.70","254.90","252.80","79.44K","-0.32%"
"Dec 27, 2015","253.90","254.00","255.00","253.20","30.74K","0.28%"
"Dec 24, 2015","253.20","253.50","255.00","253.00","67.65K","-0.12%"
"Dec 23, 2015","253.50","253.50","254.50","253.00","148.16K","-0.20%"
"Dec 22, 2015","254.00","255.00","256.90","253.00","104.19K","0.04%"
"Dec 21, 2015","253.90","253.40","257.80","253.40","91.24K","0.63%"
"Dec 20, 2015","252.30","250.70","253.00","250.70","61.98K","0.24%"
"Dec 17, 2015","251.70","251.20","253.00","251.00","75.68K","0.12%"
"Dec 15, 2015","251.40","251.30","252.50","250.50","118.85K","-0.24%"
"Dec 14, 2015","252.00","253.00","253.00","251.70","127.90K","0.04%"
"Dec 13, 2015","251.90","256.30","256.30","250.10","98.27K","-0.43%"
"Dec 10, 2015","253.00","252.70","254.30","252.60","233.20K","0.44%"
"Dec 09, 2015","251.90","257.60","257.70","250.00","223.45K","-0.87%"
"Dec 08, 2015","254.10","257.00","259.50","253.00","219.73K","-1.32%"
"Dec 07, 2015","257.50","267.40","268.00","254.50","552.97K","1.78%"
"Dec 06, 2015","253.00","253.00","253.30","252.30","84.85K","-6.78%"
"Dec 03, 2015","271.40","272.00","272.50","269.80","175.85K","0.22%"
"Dec 02, 2015","270.80","271.10","275.70","265.00","410.15K","0.33%"
"Dec 01, 2015","269.90","267.90","274.40","266.80","243.90K","1.66%"
"Nov 30, 2015","265.50","256.10","267.30","256.10","294.28K","4.28%"
"Nov 29, 2015","254.60","256.40","255.10","255.80","162.01K","0.00%"
"Nov 26, 2015","254.60","254.60","255.30","253.00","133.02K","0.59%"
"Nov 25, 2015","253.10","253.10","253.90","252.00","88.71K","0.24%"
"Nov 24, 2015","252.50","252.50","254.00","251.70","100.42K","-0.59%"
"Nov 23, 2015","254.00","254.80","254.90","253.50","134.92K","0.28%"
"Nov 22, 2015","253.30","250.70","253.80","252.20","148.38K","0.08%"
"Nov 19, 2015","253.10","250.70","254.00","250.70","63.80K","0.36%"
"Nov 18, 2015","252.20","254.50","254.50","251.20","230.08K","-0.90%"
"Nov 17, 2015","254.50","250.50","255.50","250.00","124.89K","1.68%"
"Nov 16, 2015","250.30","249.50","252.00","249.50","177.04K","0.08%"
"Nov 15, 2015","250.10","250.20","250.80","249.10","57.34K","0.12%"
"Nov 12, 2015","249.80","250.00","250.30","249.00","90.74K","0.64%"
"Nov 11, 2015","248.20","251.00","251.80","247.00","123.11K","-1.04%"
"Nov 10, 2015","250.80","250.00","252.30","249.90","186.07K","0.00%"
"Nov 09, 2015","250.80","249.30","251.30","247.60","236.43K","0.40%"
"Nov 08, 2015","249.80","250.00","252.40","248.50","153.58K","-0.64%"
"Nov 05, 2015","251.40","248.00","252.40","247.90","186.85K","1.45%"
"Nov 04, 2015","247.80","249.00","249.00","247.40","172.42K","-0.28%"
"Nov 03, 2015","248.50","251.40","251.90","247.50","274.05K","-1.15%"
"Nov 02, 2015","251.40","249.80","252.40","247.30","412.65K","1.00%"
"Nov 01, 2015","248.90","250.80","252.50","246.70","144.15K","0.12%"
"Oct 29, 2015","248.60","246.50","251.00","246.50","285.94K","0.00%"
"Oct 28, 2015","248.60","250.00","250.10","246.60","184.49K","-0.52%"
"Oct 27, 2015","249.90","250.00","251.50","247.00","91.15K","0.93%"
"Oct 26, 2015","247.60","253.00","254.00","246.20","313.70K","-2.13%"
"Oct 25, 2015","253.00","253.10","255.00","250.50","118.75K","-0.59%"
"Oct 21, 2015","254.50","258.90","259.80","253.60","310.97K","-1.43%"
"Oct 20, 2015","258.20","253.20","259.20","253.20","370.45K","2.38%"
"Oct 19, 2015","252.20","245.00","253.40","241.00","409.90K","3.11%"
"Oct 18, 2015","244.60","245.00","247.70","236.10","292.04K","0.04%"
"Oct 15, 2015","244.50","254.90","258.90","242.00","481.08K","-4.23%"
"Oct 14, 2015","255.30","260.10","260.80","254.60","305.47K","-1.66%"
"Oct 13, 2015","259.60","264.00","267.00","258.30","278.69K","-2.33%"
"Oct 12, 2015","265.80","267.00","267.70","264.70","231.64K","0.49%"
"Oct 11, 2015","264.50","259.80","266.80","254.10","402.93K","1.69%"
"Oct 08, 2015","260.10","266.30","268.00","258.50","444.80K","-2.73%"
"Oct 07, 2015","267.40","279.00","279.30","266.50","461.99K","-2.83%"
"Oct 06, 2015","275.20","276.20","282.20","274.80","333.83K","-0.33%"
"Oct 05, 2015","276.10","282.00","282.00","275.50","537.49K","-1.99%"
"Oct 04, 2015","281.70","286.00","287.70","281.00","247.90K","-1.43%"
"Oct 01, 2015","285.80","285.10","287.90","285.10","243.83K","0.25%"
"Sep 30, 2015","285.10","290.80","290.80","284.50","833.00K","-1.96%"
"Sep 29, 2015","290.80","296.00","296.00","290.20","354.26K","-1.29%"
"Sep 28, 2015","294.60","300.10","302.00","294.00","364.14K","-1.77%"
"Sep 22, 2015","299.90","299.10","304.00","299.00","166.73K","0.03%"
"Sep 21, 2015","299.80","298.20","300.90","295.00","345.51K","-0.03%"
"Sep 20, 2015","299.90","301.10","301.40","295.00","261.47K","-0.83%"
"Sep 17, 2015","302.40","306.00","306.10","300.10","474.26K","-1.43%"
"Sep 16, 2015","306.80","308.30","309.00","306.00","120.95K","-0.42%"
"Sep 15, 2015","308.10","307.40","309.60","307.40","89.91K","0.42%"
"Sep 14, 2015","306.80","307.10","309.30","306.40","178.45K","0.26%"
"Sep 13, 2015","306.00","304.10","309.50","304.00","173.47K","0.16%"
"Sep 10, 2015","305.50","309.10","310.00","304.80","368.35K","-1.13%"
"Sep 09, 2015","309.00","313.20","315.00","308.40","471.28K","-1.69%"
"Sep 08, 2015","314.30","314.00","315.50","313.10","276.86K","0.22%"
"Sep 07, 2015","313.60","314.40","315.00","313.00","198.55K","-0.51%"
"Sep 06, 2015","315.20","314.10","316.50","314.10","137.38K","-0.06%"
"Sep 03, 2015","315.40","315.10","316.70","314.50","141.35K","-0.03%"
"Sep 02, 2015","315.50","313.60","318.00","313.50","141.79K","0.25%"
"Sep 01, 2015","314.70","316.10","317.80","313.50","141.56K","-0.63%"
"Aug 31, 2015","316.70","317.20","318.90","316.00","150.53K","-0.35%"
"Aug 30, 2015","317.80","319.00","320.00","317.60","130.26K","-0.66%"
"Aug 27, 2015","319.90","321.50","321.50","318.20","328.40K","-0.06%"
"Aug 26, 2015","320.10","318.70","321.00","318.00","221.52K","0.69%"
"Aug 25, 2015","317.90","318.70","318.70","315.70","201.35K","0.22%"
"Aug 24, 2015","317.20","316.50","318.20","316.30","202.25K","-0.25%"
"Aug 23, 2015","318.00","315.00","319.20","313.10","165.23K","1.15%"
"Aug 20, 2015","314.40","314.00","316.00","312.90","222.35K","-0.16%"
"Aug 19, 2015","314.90","318.90","318.90","313.50","118.64K","-0.32%"
"Aug 18, 2015","315.90","311.90","320.00","309.00","370.01K","1.54%"
"Aug 17, 2015","311.10","316.60","317.40","310.00","449.49K","-1.74%"
"Aug 16, 2015","316.60","316.90","318.50","316.00","165.28K","0.03%"
"Aug 13, 2015","316.50","320.80","321.80","315.80","364.85K","-1.03%"
"Aug 12, 2015","319.80","322.10","323.50","319.50","327.37K","-0.25%"
"Aug 11, 2015","320.60","324.80","324.90","320.10","350.80K","-0.59%"
"Aug 10, 2015","322.50","323.30","323.80","322.00","431.09K","-0.22%"
"Aug 09, 2015","323.20","323.90","326.10","322.20","203.61K","-0.19%"
"Aug 06, 2015","323.80","324.00","326.50","323.00","348.25K","-0.06%"
"Aug 05, 2015","324.00","329.00","329.00","323.30","426.10K","-1.19%"
"Aug 04, 2015","327.90","329.80","329.90","325.30","475.38K","-0.33%"
"Aug 03, 2015","329.00","328.50","330.50","327.00","279.93K","1.01%"
"Aug 02, 2015","325.70","330.00","330.20","324.40","597.84K","-1.45%"
"Jul 30, 2015","330.50","332.20","335.00","329.00","458.99K","-2.56%"
"Jul 28, 2015","339.20","338.00","339.90","337.00","588.53K","0.53%"
"Jul 27, 2015","337.40","338.60","339.20","336.10","496.83K","-0.35%"
"Jul 26, 2015","338.60","340.00","340.40","336.00","631.99K","0.21%"
"Jul 23, 2015","337.90","334.60","339.90","333.90","743.11K","1.29%"
"Jul 22, 2015","333.60","335.20","338.80","332.20","475.23K","-0.51%"
"Jul 21, 2015","335.30","340.00","342.00","326.00","797.34K","-2.02%"
"Jul 14, 2015","342.20","347.70","347.80","340.60","443.90K","-1.58%"
"Jul 13, 2015","347.70","346.90","349.80","342.00","719.79K","1.05%"
"Jul 12, 2015","344.10","340.10","345.30","338.10","721.42K","1.44%"
"Jul 09, 2015","339.20","333.50","340.00","333.20","873.21K","1.98%"
"Jul 08, 2015","332.60","328.00","334.00","327.20","629.64K","1.62%"
"Jul 07, 2015","327.30","328.60","331.30","326.10","495.94K","-0.40%"
"Jul 06, 2015","328.60","328.20","331.00","325.50","364.74K","0.00%"
"Jul 05, 2015","328.60","334.40","334.40","326.10","191.89K","-1.02%"
"Jul 02, 2015","332.00","330.10","334.00","328.30","442.11K","0.70%"
"Jun 30, 2015","329.70","326.00","333.00","325.00","559.15K","1.35%"
"Jun 29, 2015","325.30","325.80","327.00","324.00","478.03K","0.15%"
"Jun 28, 2015","324.80","326.00","327.40","324.20","284.29K","0.22%"
"Jun 25, 2015","324.10","325.50","325.50","322.10","190.36K","0.22%"
"Jun 24, 2015","323.40","323.80","328.40","322.80","330.90K","-0.03%"
"Jun 23, 2015","323.50","326.30","328.70","322.80","434.16K","-0.61%"
"Jun 22, 2015","325.50","328.90","328.90","325.00","244.09K","-0.40%"
"Jun 21, 2015","326.80","330.00","330.00","325.50","183.98K","-0.52%"
"Jun 18, 2015","328.50","330.10","332.90","328.00","265.95K","-1.02%"
"Jun 17, 2015","331.90","333.00","335.00","331.60","436.64K","-0.18%"
"Jun 16, 2015","332.50","332.60","335.90","331.50","385.64K","0.21%"
"Jun 15, 2015","331.80","336.00","336.40","330.50","365.90K","-1.13%"
"Jun 14, 2015","335.60","335.00","340.00","333.00","658.96K","0.63%"
"Jun 11, 2015","333.50","325.00","334.70","325.00","937.54K","2.96%"
"Jun 10, 2015","323.90","322.80","327.60","321.60","766.67K","0.31%"
"Jun 09, 2015","322.90","324.30","325.60","322.00","253.52K","-0.22%"
"Jun 08, 2015","323.60","327.50","329.00","322.50","294.79K","-0.40%"
"Jun 07, 2015","324.90","328.50","329.90","324.50","332.96K","-0.58%"
"Jun 04, 2015","326.80","329.10","330.00","326.00","391.38K","-0.49%"
"Jun 02, 2015","328.40","329.50","334.90","327.40","554.38K","0.77%"
"Jun 01, 2015","325.90","325.00","333.40","323.20","1.07M","0.74%"
"May 31, 2015","323.50","328.50","329.50","322.70","294.40K","0.09%"
"May 28, 2015","323.20","327.90","327.90","320.90","1.07M","-0.34%"
"May 27, 2015","324.30","329.90","330.00","323.60","581.95K","-1.34%"
"May 26, 2015","328.70","334.00","335.00","326.50","374.03K","-0.66%"
"May 25, 2015","330.90","323.30","334.80","323.20","470.47K","2.10%"
"May 24, 2015","324.10","326.00","327.00","323.30","166.89K","-0.74%"
"May 21, 2015","326.50","332.00","332.00","325.20","301.18K","-1.12%"
"May 20, 2015","330.20","335.00","337.80","328.10","374.02K","-1.26%"
"May 19, 2015","334.40","333.80","337.00","332.10","457.19K","1.43%"
"May 18, 2015","329.70","326.00","331.90","323.20","372.42K","1.85%"
"May 17, 2015","323.70","324.10","325.90","322.90","219.24K","-0.31%"
"May 14, 2015","324.70","326.90","326.90","322.10","188.60K","0.40%"
"May 13, 2015","323.40","326.00","328.90","323.00","310.44K","-1.04%"
"May 12, 2015","326.80","331.00","332.50","325.70","196.20K","-0.61%"
"May 11, 2015","328.80","330.00","334.90","327.80","244.34K","-0.30%"
"May 10, 2015","329.80","329.00","332.50","325.00","262.25K","1.35%"
"May 07, 2015","325.40","328.60","329.70","322.90","353.31K","-1.66%"
"May 06, 2015","330.90","333.90","334.00","329.00","183.31K","-0.03%"
"May 05, 2015","331.00","327.00","331.90","325.00","279.00K","2.60%"
"May 04, 2015","322.60","324.50","330.00","321.00","236.79K","-0.34%"
"Apr 30, 2015","323.70","328.80","328.80","317.50","226.67K","-0.71%"
"Apr 29, 2015","326.00","331.80","331.80","325.00","147.04K","-1.57%"
"Apr 27, 2015","331.20","318.50","334.10","318.50","228.54K","3.44%"
"Apr 26, 2015","320.20","324.10","324.80","318.20","227.96K","-1.42%"
"Apr 23, 2015","324.80","329.00","329.80","324.00","236.36K","-1.37%"
"Apr 22, 2015","329.30","332.10","334.80","328.50","305.02K","-0.99%"
"Apr 21, 2015","332.60","337.00","342.00","331.00","363.28K","0.18%"
"Apr 20, 2015","332.00","340.00","340.10","330.00","361.18K","-2.06%"
"Apr 19, 2015","339.00","342.00","344.50","338.00","263.71K","-0.88%"
"Apr 16, 2015","342.00","343.60","348.80","341.10","271.58K","-0.20%"
"Apr 15, 2015","342.70","346.50","348.50","342.10","465.64K","-1.18%"
"Apr 13, 2015","346.80","349.90","349.90","346.00","370.98K","-0.40%"
"Apr 12, 2015","348.20","349.60","351.70","347.20","216.00K","-0.40%"
"Apr 09, 2015","349.60","350.00","354.40","348.70","343.96K","-0.43%"
"Apr 08, 2015","351.10","352.00","353.90","346.10","290.55K","0.77%"
"Apr 07, 2015","348.40","348.30","349.40","344.50","353.68K","-0.26%"
"Apr 06, 2015","349.30","353.00","355.40","349.00","279.93K","-0.85%"
"Apr 05, 2015","352.30","348.00","353.80","345.10","221.18K","1.09%"
"Apr 02, 2015","348.50","353.00","354.50","347.10","534.80K","-1.47%"
"Apr 01, 2015","353.70","353.20","358.90","352.00","461.67K","-1.26%"
"Mar 31, 2015","358.20","354.90","361.00","354.50","823.69K","1.53%"
"Mar 30, 2015","352.80","358.70","358.70","348.00","811.13K","-0.84%"
"Mar 29, 2015","355.80","348.00","360.00","348.00","754.61K","3.22%"
"Mar 25, 2015","344.70","338.00","345.70","338.00","730.36K","2.22%"
"Mar 24, 2015","337.20","336.00","338.70","336.00","236.36K","0.39%"
"Mar 23, 2015","335.90","338.90","340.00","335.40","289.29K","-0.12%"
"Mar 22, 2015","336.30","335.00","338.80","335.10","191.97K","0.57%"
"Mar 19, 2015","334.40","335.00","339.80","333.60","269.45K","-0.54%"
"Mar 18, 2015","336.20","340.00","344.50","335.00","490.92K","-1.06%"
"Mar 16, 2015","339.80","334.00","341.20","331.50","731.42K","2.88%"
"Mar 15, 2015","330.30","328.00","332.00","325.00","280.84K","1.60%"
"Mar 12, 2015","325.10","326.00","330.30","324.50","341.12K","-0.79%"
"Mar 11, 2015","327.70","331.40","334.90","327.00","366.65K","-0.30%"
"Mar 10, 2015","328.70","328.90","330.70","327.60","239.70K","0.58%"
"Mar 09, 2015","326.80","328.10","332.20","326.10","414.66K","-0.67%"
"Mar 08, 2015","329.00","329.80","329.90","327.70","76.15K","0.27%"
"Mar 05, 2015","328.10","328.00","332.10","327.10","111.93K","-0.39%"
"Mar 04, 2015","329.40","332.90","333.00","328.00","255.52K","-0.99%"
"Mar 03, 2015","332.70","330.00","334.50","329.80","202.29K","0.51%"
"Mar 02, 2015","331.00","334.60","337.30","330.00","292.30K","-1.19%"
"Mar 01, 2015","335.00","336.10","338.50","334.20","160.36K","-0.09%"
"Feb 26, 2015","335.30","337.90","338.70","335.00","149.43K","-0.53%"
"Feb 25, 2015","337.10","340.00","340.00","336.00","186.81K","-0.77%"
"Feb 24, 2015","339.70","341.00","343.50","337.90","207.64K","-0.26%"
"Feb 23, 2015","340.60","339.60","343.60","339.10","171.94K","0.21%"
"Feb 22, 2015","339.90","333.10","342.00","333.00","173.24K","2.04%"
"Feb 19, 2015","333.10","339.00","340.50","332.10","351.61K","-3.20%"
"Feb 17, 2015","344.10","347.40","347.40","343.30","288.96K","-0.66%"
"Feb 16, 2015","346.40","349.60","349.60","343.30","209.16K","-0.74%"
"Feb 15, 2015","349.00","350.00","351.10","348.00","207.34K","-0.17%"
"Feb 12, 2015","349.60","352.50","355.50","348.00","248.14K","-1.05%"
"Feb 11, 2015","353.30","347.90","354.90","347.90","374.61K","2.11%"
"Feb 10, 2015","346.00","343.00","348.00","340.60","301.26K","1.76%"
"Feb 09, 2015","340.00","340.00","347.00","336.10","214.55K","-0.03%"
"Feb 08, 2015","340.10","339.90","345.60","339.10","243.96K","0.21%"
"Feb 05, 2015","339.40","340.00","340.80","330.10","251.53K","0.24%"
"Feb 04, 2015","338.60","336.70","339.90","332.10","215.46K","0.89%"
"Feb 03, 2015","335.60","330.00","337.90","326.30","194.41K","2.79%"
"Feb 02, 2015","326.50","325.00","330.00","319.20","337.15K","0.09%"
"Feb 01, 2015","326.20","327.30","329.80","324.10","156.08K","-0.94%"
"Jan 29, 2015","329.30","328.60","331.50","328.00","158.94K","-0.90%"
"Jan 28, 2015","332.30","336.00","338.90","330.50","262.67K","0.24%"
"Jan 27, 2015","331.50","329.00","334.70","325.50","271.55K","0.67%"
"Jan 26, 2015","329.30","340.00","343.00","328.00","240.34K","-2.92%"
"Jan 25, 2015","339.20","347.20","348.10","335.00","155.30K","-2.75%"
"Jan 22, 2015","348.80","352.00","352.00","348.00","151.07K","-0.40%"
"Jan 21, 2015","350.20","350.40","351.00","345.30","224.85K","-0.54%"
"Jan 20, 2015","352.10","350.00","354.80","350.00","233.92K","-0.25%"
"Jan 19, 2015","353.00","355.50","357.70","351.40","244.07K","-1.12%"
"Jan 18, 2015","357.00","357.40","358.10","356.20","159.02K","-0.64%"
"Jan 15, 2015","359.30","360.00","361.00","358.20","166.88K","-0.25%"
"Jan 14, 2015","360.20","360.00","363.50","359.50","206.53K","-0.77%"
"Jan 13, 2015","363.00","366.00","366.00","361.20","238.89K","-0.44%"
"Jan 12, 2015","364.60","355.90","365.40","355.90","212.79K","0.61%"
"Jan 11, 2015","362.40","364.10","365.40","361.80","208.34K","-0.71%"
"Jan 08, 2015","365.00","365.80","365.90","364.50","157.43K","-0.03%"
"Jan 07, 2015","365.10","364.00","367.70","363.50","172.05K","-0.63%"
"Jan 06, 2015","367.40","368.60","369.20","365.20","160.26K","0.03%"
"Jan 05, 2015","367.30","362.50","368.00","362.20","199.93K","0.82%"
"Jan 01, 2015","364.30","364.00","365.00","360.50","155.13K","0.66%"
"Dec 30, 2014","361.90","355.30","362.90","355.00","254.29K","1.51%"
"Dec 29, 2014","356.50","356.30","357.90","355.70","176.05K","-0.36%"
"Dec 28, 2014","357.80","361.00","362.50","356.50","114.13K","-0.67%"
"Dec 24, 2014","360.20","357.50","360.90","355.00","249.35K","0.78%"
"Dec 23, 2014","357.40","357.00","358.00","354.60","175.37K","-0.06%"
"Dec 22, 2014","357.60","355.00","358.50","351.90","144.18K","1.74%"
"Dec 21, 2014","351.50","355.50","355.50","350.30","127.53K","0.20%"
"Dec 18, 2014","350.80","347.10","355.90","347.00","98.18K","0.06%"
"Dec 17, 2014","350.60","350.00","355.00","349.90","171.27K","0.00%"
"Dec 15, 2014","350.60","355.30","355.30","350.00","167.09K","-1.46%"
"Dec 14, 2014","355.80","370.00","370.00","352.00","149.70K","-2.01%"
"Dec 11, 2014","363.10","368.90","369.00","361.40","137.40K","-0.52%"
"Dec 10, 2014","365.00","359.90","366.60","357.90","445.60K","2.73%"
"Dec 09, 2014","355.30","353.00","361.70","353.00","378.60K","0.77%"
"Dec 08, 2014","352.60","351.00","353.50","349.30","226.00K","0.66%"
"Dec 07, 2014","350.30","353.90","354.90","348.80","140.80K","-0.65%"
"Dec 04, 2014","352.60","351.10","357.00","347.90","286.60K","0.11%"
"Dec 03, 2014","352.20","356.30","357.30","348.10","345.20K","-0.68%"
"Dec 02, 2014","354.60","341.00","358.60","338.40","609.80K","4.76%"
"Dec 01, 2014","338.50","319.10","343.00","319.00","406.60K","6.21%"
"Nov 30, 2014","318.70","314.00","319.90","313.80","95.20K","1.82%"
"Nov 27, 2014","313.00","313.00","316.90","312.50","211.60K","0.03%"
"Nov 26, 2014","312.90","316.70","318.50","312.40","236.40K","-0.86%"
"Nov 25, 2014","315.60","323.20","323.80","315.00","297.40K","-0.35%"
"Nov 24, 2014","316.70","328.10","328.10","315.20","527.80K","-3.71%"
"Nov 23, 2014","328.90","340.00","340.00","328.20","197.20K","-1.53%"
"Nov 20, 2014","334.00","340.00","340.10","328.70","498.20K","-1.47%"
"Nov 19, 2014","339.00","339.10","343.00","338.20","374.20K","-0.12%"
"Nov 18, 2014","339.40","343.40","345.90","339.00","245.00K","-1.42%"
"Nov 17, 2014","344.30","345.50","347.00","343.70","258.40K","-0.81%"
"Nov 16, 2014","347.10","350.10","350.50","347.00","203.40K","-0.72%"
"Nov 13, 2014","349.60","354.90","354.90","348.50","303.60K","-1.30%"
"Nov 12, 2014","354.20","353.00","355.00","351.00","476.60K","0.80%"
"Nov 11, 2014","351.40","353.00","355.40","347.20","354.80K","0.77%"
"Nov 10, 2014","348.70","342.50","352.40","338.60","307.80K","1.10%"
"Nov 09, 2014","344.90","351.10","352.90","342.30","456.40K","-2.38%"
"Nov 06, 2014","353.30","362.00","364.40","351.70","490.00K","-1.45%"
"Nov 05, 2014","358.50","365.00","365.00","357.30","455.20K","-0.86%"
"Nov 03, 2014","361.60","371.20","373.00","360.10","557.60K","-2.45%"
"Nov 02, 2014","370.70","370.00","379.40","370.00","338.60K","-1.01%"
"Oct 30, 2014","374.50","377.50","378.00","372.10","483.80K","-0.03%"
"Oct 29, 2014","374.60","378.00","379.00","372.70","629.80K","-1.34%"
"Oct 28, 2014","379.70","387.00","389.00","379.00","501.00K","-1.56%"
"Oct 27, 2014","385.70","389.00","389.00","378.00","1.02M","2.12%"
"Oct 26, 2014","377.70","375.60","384.90","375.00","778.40K","0.77%"
"Oct 23, 2014","374.80","372.60","375.10","370.20","478.80K","1.08%"
"Oct 22, 2014","370.80","371.00","375.00","369.10","411.80K","-0.75%"
"Oct 21, 2014","373.60","372.00","375.80","369.80","710.40K","1.22%"
"Oct 20, 2014","369.10","374.00","375.70","366.60","491.60K","-0.73%"
"Oct 19, 2014","371.80","379.80","379.80","371.00","532.80K","-1.59%"
"Oct 16, 2014","377.80","380.00","381.80","376.60","581.00K","-0.34%"
"Oct 15, 2014","379.10","376.80","383.90","374.30","792.40K","1.74%"
"Oct 14, 2014","372.60","377.00","378.90","372.00","1.08M","-0.56%"
"Oct 13, 2014","374.70","380.00","383.70","373.50","940.40K","-1.39%"
"Oct 12, 2014","380.00","380.00","386.00","378.00","738.20K","-0.05%"
"Oct 02, 2014","380.20","383.00","387.00","379.20","648.40K","-1.04%"
"Oct 01, 2014","384.20","382.60","390.10","380.00","1.08M","0.60%"
"Sep 30, 2014","381.90","394.00","394.00","378.30","1.97M","-2.63%"
"Sep 29, 2014","392.20","399.00","399.30","386.30","596.20K","-1.33%"
"Sep 28, 2014","397.50","405.00","409.00","393.00","868.00K","-0.28%"
"Sep 25, 2014","398.60","382.30","399.80","382.30","930.40K","4.98%"
"Sep 24, 2014","379.70","381.00","384.00","378.50","748.40K","-0.26%"
"Sep 23, 2014","380.70","385.00","388.00","377.00","647.60K","-1.35%"
"Sep 22, 2014","385.90","383.00","389.80","381.30","1.16M","2.12%"
"Sep 21, 2014","377.90","366.00","380.10","360.00","921.60K","3.51%"
"Sep 18, 2014","365.10","354.90","367.30","354.90","938.00K","3.25%"
"Sep 17, 2014","353.60","349.70","360.10","349.00","1.36M","2.29%"
"Sep 16, 2014","345.70","345.00","349.00","341.30","578.80K","0.44%"
"Sep 15, 2014","344.20","341.90","350.90","341.90","903.80K","1.62%"
"Sep 14, 2014","338.70","340.00","342.90","337.20","625.80K","0.27%"
"Sep 11, 2014","337.80","339.50","341.80","336.70","449.20K","-0.06%"
"Sep 10, 2014","338.00","340.00","342.10","335.40","547.20K","-0.27%"
"Sep 09, 2014","338.90","334.00","341.10","334.00","489.20K","1.71%"
"Sep 08, 2014","333.20","333.40","336.80","332.10","304.60K","-0.06%"
"Sep 07, 2014","333.40","338.30","339.90","332.50","422.80K","-1.39%"
"Sep 04, 2014","338.10","339.90","342.70","336.70","538.80K","0.06%"
"Sep 03, 2014","337.90","336.50","346.00","336.50","684.20K","-0.30%"
"Sep 02, 2014","338.90","339.80","340.20","331.00","669.20K","0.44%"
"Sep 01, 2014","337.40","330.00","338.60","327.00","1.05M","4.23%"
"Aug 31, 2014","323.70","321.30","325.80","319.00","467.20K","0.81%"
"Aug 28, 2014","321.10","325.60","325.60","319.10","420.40K","-1.35%"
"Aug 27, 2014","325.50","318.10","329.00","313.20","556.60K","2.55%"
"Aug 26, 2014","317.40","327.20","328.00","317.00","948.40K","-2.88%"
"Aug 25, 2014","326.80","325.00","334.40","324.00","614.00K","0.46%"
"Aug 24, 2014","325.30","335.00","335.00","324.00","769.40K","-1.51%"
"Aug 21, 2014","330.30","335.90","337.50","329.00","824.40K","-0.99%"
"Aug 20, 2014","333.60","337.50","342.00","332.90","932.20K","-1.36%"
"Aug 19, 2014","338.20","339.00","344.00","334.00","1.00M","0.71%"
"Aug 18, 2014","335.80","346.90","346.90","335.50","735.00K","-2.44%"
"Aug 14, 2014","344.20","344.00","350.40","341.00","1.16M","1.47%"
"Aug 13, 2014","339.20","340.00","341.80","332.40","777.60K","2.51%"
"Aug 12, 2014","330.90","344.90","344.90","329.00","1.04M","-2.68%"
"Aug 11, 2014","340.00","338.50","346.90","325.60","1.32M","1.83%"
"Aug 10, 2014","333.90","326.00","336.80","326.00","1.22M","3.09%"
"Aug 07, 2014","323.90","309.00","331.00","308.00","1.26M","5.20%"
"Aug 06, 2014","307.90","304.90","315.50","303.00","1.91M","-0.93%"
"Aug 04, 2014","310.80","312.00","314.80","309.00","1.50M","-0.73%"
"Aug 03, 2014","313.10","311.00","314.50","305.00","895.00K","1.82%"
"Jul 24, 2014","307.50","299.00","309.30","299.00","1.95M","3.29%"
"Jul 23, 2014","297.70","295.70","301.00","294.60","818.20K","1.43%"
"Jul 22, 2014","293.50","294.00","297.00","291.10","1.37M","1.42%"
"Jul 21, 2014","289.40","279.00","290.80","278.10","304.80K","3.62%"
"Jul 20, 2014","279.30","285.00","285.00","278.60","306.00K","-2.03%"
"Jul 17, 2014","285.10","290.10","290.10","284.80","554.80K","-1.93%"
"Jul 16, 2014","290.70","296.00","296.00","289.20","869.00K","-0.34%"
"Jul 15, 2014","291.70","298.00","298.00","291.00","267.60K","-1.35%"
"Jul 14, 2014","295.70","298.00","298.00","294.80","478.80K","0.54%"
"Jul 13, 2014","294.10","298.00","299.00","293.60","311.80K","-1.08%"
"Jul 10, 2014","297.30","298.90","300.10","295.60","370.20K","-0.10%"
"Jul 09, 2014","297.60","296.30","299.00","295.10","304.80K","-0.10%"
"Jul 08, 2014","297.90","293.50","299.30","292.60","539.00K","1.57%"
"Jul 07, 2014","293.30","292.90","295.00","291.50","221.00K","0.48%"
"Jul 06, 2014","291.90","296.80","296.80","291.30","262.20K","-1.02%"
"Jul 03, 2014","294.90","296.90","298.50","293.80","342.80K","-0.41%"
"Jul 02, 2014","296.10","301.00","303.70","295.70","626.20K","-1.40%"
"Jun 30, 2014","300.30","295.50","301.90","295.20","432.00K","1.90%"
"Jun 29, 2014","294.70","298.00","298.90","293.80","655.60K","-0.81%"
"Jun 26, 2014","297.10","301.50","302.00","296.50","550.40K","-1.43%"
"Jun 25, 2014","301.40","301.00","304.70","297.40","818.00K","0.17%"
"Jun 24, 2014","300.90","305.80","305.80","300.00","519.80K","-1.25%"
"Jun 23, 2014","304.70","298.70","305.60","296.00","882.20K","2.77%"
"Jun 22, 2014","296.50","300.00","302.00","293.90","343.80K","-1.20%"
"Jun 19, 2014","300.10","303.00","303.90","295.60","673.60K","-1.06%"
"Jun 18, 2014","303.30","303.00","307.00","300.10","315.80K","-0.13%"
"Jun 17, 2014","303.70","306.60","306.90","300.10","530.40K","-0.56%"
"Jun 16, 2014","305.40","309.40","312.00","303.20","754.00K","-0.81%"
"Jun 15, 2014","307.90","297.20","308.70","297.00","1.36M","2.87%"
"Jun 12, 2014","299.30","296.50","303.00","295.10","1.13M","1.42%"
"Jun 11, 2014","295.10","282.80","296.20","282.80","1.31M","3.07%"
"Jun 10, 2014","286.30","290.00","290.00","283.10","498.40K","-1.04%"
"Jun 09, 2014","289.30","282.00","291.60","282.00","639.00K","1.87%"
"Jun 08, 2014","284.00","281.00","287.00","275.70","738.60K","-0.66%"
"Jun 05, 2014","285.90","296.90","296.90","284.10","818.40K","-3.38%"
"Jun 04, 2014","295.90","291.50","297.40","291.50","1.31M","1.79%"
"Jun 03, 2014","290.70","282.00","293.70","280.60","1.45M","3.19%"
"Jun 02, 2014","281.70","276.00","286.40","276.00","1.73M","2.29%"
"Jun 01, 2014","275.40","265.30","276.40","265.10","1.13M","3.42%"
"May 29, 2014","266.30","269.00","269.50","265.00","346.80K","-1.30%"
"May 28, 2014","269.80","263.50","270.50","263.50","682.20K","1.43%"
"May 27, 2014","266.00","264.60","266.30","262.70","369.60K","0.72%"
"May 26, 2014","264.10","259.00","264.90","258.20","338.40K","2.60%"
"May 25, 2014","257.40","255.00","258.60","251.80","198.20K","0.82%"
"May 22, 2014","255.30","263.50","263.50","254.30","272.60K","-1.96%"
"May 21, 2014","260.40","261.50","263.50","259.30","320.00K","-0.34%"
"May 20, 2014","261.30","261.00","263.00","260.00","271.00K","-0.04%"
"May 19, 2014","261.40","261.00","265.40","259.50","377.60K","-0.31%"
"May 18, 2014","262.20","264.90","265.00","261.00","351.40K","-0.87%"
"May 15, 2014","264.50","265.00","268.00","261.90","458.20K","-0.94%"
"May 14, 2014","267.00","271.00","271.00","266.00","740.80K","-1.29%"
"May 12, 2014","270.50","269.00","271.60","267.70","631.00K","0.37%"
"May 11, 2014","269.50","272.20","273.00","266.40","668.60K","-1.14%"
"May 08, 2014","272.60","277.00","278.00","271.80","889.40K","-1.37%"
"May 07, 2014","276.40","270.00","277.20","270.00","1.65M","2.26%"
"May 06, 2014","270.30","272.00","273.60","266.00","1.82M","0.90%"
"May 05, 2014","267.90","262.60","268.70","262.10","773.20K","1.90%"
"May 04, 2014","262.90","268.50","271.00","261.00","563.40K","-2.23%"
"Apr 30, 2014","268.90","269.00","271.70","264.10","1.05M","0.37%"
"Apr 29, 2014","267.90","263.10","269.00","260.70","747.20K","1.94%"
"Apr 28, 2014","262.80","266.90","266.90","260.20","583.20K","-1.13%"
"Apr 27, 2014","265.80","267.00","269.90","262.00","931.40K","-1.66%"
"Apr 24, 2014","270.30","269.90","276.20","266.00","3.26M","1.92%"
"Apr 23, 2014","265.20","254.80","266.00","251.30","2.02M","5.41%"
"Apr 22, 2014","251.60","253.00","256.00","249.00","500.60K","-0.44%"
"Apr 21, 2014","252.70","251.90","256.00","249.50","562.20K","0.96%"
"Apr 20, 2014","250.30","253.00","255.00","247.10","782.80K","-1.69%"
"Apr 17, 2014","254.60","256.00","261.00","252.50","792.20K","-0.47%"
"Apr 16, 2014","255.80","269.90","270.00","254.00","1.23M","-4.98%"
"Apr 15, 2014","269.20","262.00","272.00","256.10","2.07M","3.26%"
"Apr 13, 2014","260.70","259.00","262.00","257.00","864.00K","1.84%"
"Apr 10, 2014","256.00","247.90","257.00","247.50","1.97M","3.27%"
"Apr 09, 2014","247.90","245.00","250.10","242.20","1.61M","0.36%"
"Apr 08, 2014","247.00","243.00","254.20","241.30","2.69M","2.62%"
"Apr 07, 2014","240.70","232.00","242.20","232.00","2.63M","4.43%"
"Apr 06, 2014","230.50","227.00","232.20","224.00","1.70M","1.86%"
"Apr 03, 2014","226.30","219.80","227.00","219.80","1.45M","2.86%"
"Apr 02, 2014","220.00","217.00","220.40","215.00","921.80K","1.99%"
"Apr 01, 2014","215.70","214.80","217.60","214.70","639.40K","0.89%"
"Mar 31, 2014","213.80","213.50","214.60","211.70","261.20K","0.94%"
"Mar 30, 2014","211.80","213.50","214.50","211.20","135.40K","-1.26%"
"Mar 27, 2014","214.50","214.00","217.00","210.70","418.40K","1.18%"
"Mar 25, 2014","212.00","207.30","212.30","207.30","459.60K","1.92%"
"Mar 24, 2014","208.00","210.00","210.40","207.50","211.20K","-0.62%"
"Mar 23, 2014","209.30","211.60","212.40","208.60","285.40K","-1.13%"
"Mar 20, 2014","211.70","211.00","213.30","210.60","348.80K","0.19%"
"Mar 19, 2014","211.30","210.00","212.00","210.00","436.20K","0.00%"
"Mar 18, 2014","211.30","214.00","215.00","210.70","522.00K","-1.45%"
"Mar 16, 2014","214.40","214.60","215.60","213.10","297.00K","-0.09%"
"Mar 13, 2014","214.60","214.70","216.70","214.10","470.80K","0.14%"
"Mar 12, 2014","214.30","213.80","216.60","213.60","591.20K","0.70%"
"Mar 11, 2014","212.80","215.60","215.80","212.50","379.80K","-0.75%"
"Mar 10, 2014","214.40","218.00","219.50","214.00","453.80K","-1.79%"
"Mar 09, 2014","218.30","215.00","219.50","214.50","811.20K","1.68%"
"Mar 06, 2014","214.70","215.00","216.50","213.60","522.20K","0.47%"
"Mar 05, 2014","213.70","214.90","214.90","210.30","538.80K","-0.23%"
"Mar 04, 2014","214.20","220.00","220.80","213.40","679.20K","-2.77%"
"Mar 03, 2014","220.30","219.70","224.00","218.50","1.11M","0.41%"
"Mar 02, 2014","219.40","215.90","220.30","215.00","1.48M","2.52%"
"Feb 27, 2014","214.00","208.00","215.00","208.00","817.60K","1.71%"
"Feb 26, 2014","210.40","213.80","215.60","209.30","524.80K","-0.99%"
"Feb 25, 2014","212.50","208.00","214.20","207.80","1.04M","2.21%"
"Feb 24, 2014","207.90","204.00","208.50","203.80","462.20K","2.21%"
"Feb 23, 2014","203.40","205.00","205.00","202.30","470.40K","-2.35%"
"Feb 19, 2014","208.30","206.10","209.00","206.10","682.00K","1.21%"
"Feb 18, 2014","205.80","205.50","207.50","204.00","549.00K","0.54%"
"Feb 17, 2014","204.70","205.20","205.70","204.00","301.60K","-0.44%"
"Feb 16, 2014","205.60","208.40","208.40","205.10","458.60K","-0.77%"
"Feb 13, 2014","207.20","207.10","207.90","206.20","367.40K","-0.10%"
"Feb 12, 2014","207.40","209.00","210.70","207.00","441.80K","-0.91%"
"Feb 11, 2014","209.30","200.00","210.70","199.00","992.40K","1.60%"
"Feb 10, 2014","206.00","208.00","208.60","205.30","733.80K","-0.91%"
"Feb 09, 2014","207.90","210.00","211.40","207.20","610.80K","-1.00%"
"Feb 06, 2014","210.00","205.00","210.80","205.00","778.80K","2.24%"
"Feb 05, 2014","205.40","210.60","211.80","205.00","817.40K","-2.24%"
"Feb 04, 2014","210.10","211.30","211.90","209.80","529.20K","-0.99%"
"Feb 03, 2014","212.20","211.40","213.20","210.50","516.00K","0.38%"
"Feb 02, 2014","211.40","213.00","214.50","211.00","311.80K","-0.42%"
"Jan 30, 2014","212.30","212.20","215.50","211.60","832.00K","0.38%"
"Jan 29, 2014","211.50","210.00","212.70","209.70","405.40K","0.28%"
"Jan 28, 2014","210.90","213.80","214.50","210.10","334.20K","-1.17%"
"Jan 27, 2014","213.40","217.80","217.80","212.10","342.80K","-0.88%"
"Jan 26, 2014","215.30","214.00","218.70","214.00","809.20K","1.51%"
"Jan 23, 2014","212.10","211.30","213.00","208.80","778.40K","1.63%"
"Jan 22, 2014","208.70","207.60","212.80","207.60","731.20K","0.58%"
"Jan 21, 2014","207.50","207.20","208.30","207.10","467.40K","0.19%"
"Jan 20, 2014","207.10","210.00","210.70","206.80","399.00K","-0.58%"
"Jan 19, 2014","208.30","208.90","210.00","206.00","468.20K","1.12%"
"Jan 16, 2014","206.00","207.90","207.90","205.20","217.20K","0.73%"
"Jan 15, 2014","204.50","205.90","207.30","203.50","540.20K","-0.68%"
"Jan 13, 2014","205.90","210.00","211.80","205.70","493.40K","-1.91%"
"Jan 12, 2014","209.90","210.40","211.80","209.00","368.80K","0.57%"
"Jan 09, 2014","208.70","210.80","212.90","207.50","378.80K","-0.86%"
"Jan 08, 2014","210.50","208.40","211.50","207.40","641.20K","1.35%"
"Jan 07, 2014","207.70","202.00","208.30","198.00","377.40K","0.63%"
"Jan 06, 2014","206.40","207.90","207.90","204.60","194.80K","0.05%"
"Jan 02, 2014","206.30","205.00","208.10","203.00","751.20K","2.13%"
"Jan 01, 2014","202.00","202.00","204.10","201.50","210.40K","0.55%"